price_text,title,location,area_text,floor,description,details_url,ref_no,offer_type,agency_name,search_url,scraped_at
200000 €,Тристаен апартамент,гр. Пловдив / кв. Кършияка Пловдивска област / България,176.22 м,5,,https://www.luximmo.bg/bulgaria/oblast-plovdiv/plovdiv/luksozni-imoti-tristayni-apartamenti/luksozen-imot-44987-tristaen-apartament-za-prodajba-v-plovdiv.html,44987,продава,Luximmo,https://www.luximmo.bg/prodajba/bulgaria/oblast-plovdiv/plovdiv-luksozni-imoti/po-tip-apartamenti/index.html,2026-01-25T20:42:15.314289
Цена при запитване,Петстаен апартамент,гр. Пловдив / кв. Христо Смирненски Пловдивска област / България,373.59 м,6,,https://www.luximmo.bg/bulgaria/oblast-plovdiv/plovdiv/luksozni-imoti-petstayni-apartamenti/luksozen-imot-44009-petstaen-apartament-za-prodajba-v-plovdiv.html,44009,продава,Luximmo,https://www.luximmo.bg/prodajba/bulgaria/oblast-plovdiv/plovdiv-luksozni-imoti/po-tip-apartamenti/index.html,2026-01-25T20:42:15.315161
265000 €,Тристаен апартамент,гр. Пловдив / кв. Център Пловдивска област / България,105 м,3,,https://www.luximmo.bg/bulgaria/oblast-plovdiv/plovdiv/luksozni-imoti-tristayni-apartamenti/luksozen-imot-44141-tristaen-apartament-za-prodajba-v-plovdiv.html,44141,продава,Luximmo,https://www.luximmo.bg/prodajba/bulgaria/oblast-plovdiv/plovdiv-luksozni-imoti/po-tip-apartamenti/index.html,2026-01-25T20:42:15.315797
383049 €,Тристаен апартамент,гр. Пловдив / кв. Кършияка Пловдивска област / България,128.11 м,2,,https://www.luximmo.bg/bulgaria/oblast-plovdiv/plovdiv/luksozni-imoti-tristayni-apartamenti/luksozen-imot-40995-tristaen-apartament-za-prodajba-v-plovdiv.html,40995,продава,Luximmo,https://www.luximmo.bg/prodajba/bulgaria/oblast-plovdiv/plovdiv-luksozni-imoti/po-tip-apartamenti/index.html,2026-01-25T20:42:15.316550
149000 €,Двустаен апартамент,гр. Пловдив / кв. Кършияка Пловдивска област / България,73.43 м,2,,https://www.luximmo.bg/bulgaria/oblast-plovdiv/plovdiv/luksozni-imoti-dvustayni-apartamenti/luksozen-imot-47579-dvustaen-apartament-za-prodajba-v-plovdiv.html,47579,продава,Luximmo,https://www.luximmo.bg/prodajba/bulgaria/oblast-plovdiv/plovdiv-luksozni-imoti/po-tip-apartamenti/index.html,2026-01-25T20:42:15.317367
180000 €,Двустаен апартамент,гр. Пловдив / кв. Христо Смирненски Пловдивска област / България,72 м,4,,https://www.luximmo.bg/bulgaria/oblast-plovdiv/plovdiv/luksozni-imoti-dvustayni-apartamenti/luksozen-imot-47580-dvustaen-apartament-za-prodajba-v-plovdiv.html,47580,продава,Luximmo,https://www.luximmo.bg/prodajba/bulgaria/oblast-plovdiv/plovdiv-luksozni-imoti/po-tip-apartamenti/index.html,2026-01-25T20:42:15.318124
156000 €,Тристаен апартамент,гр. Пловдив / кв. Христо Смирненски Пловдивска област / България,91.34 м,4,,https://www.luximmo.bg/bulgaria/oblast-plovdiv/plovdiv/luksozni-imoti-tristayni-apartamenti/luksozen-imot-34884-tristaen-apartament-za-prodajba-v-plovdiv.html,34884,продава,Luximmo,https://www.luximmo.bg/prodajba/bulgaria/oblast-plovdiv/plovdiv-luksozni-imoti/po-tip-apartamenti/index.html,2026-01-25T20:42:15.318846
82872 €,Едностаен апартамент,гр. Пловдив / кв. Христо Смирненски Пловдивска област / България,59.62 м,3,,https://www.luximmo.bg/bulgaria/oblast-plovdiv/plovdiv/luksozni-imoti-ednostayni-apartamenti/luksozen-imot-47442-ednostaen-apartament-za-prodajba-v-plovdiv.html,47442,продава,Luximmo,https://www.luximmo.bg/prodajba/bulgaria/oblast-plovdiv/plovdiv-luksozni-imoti/po-tip-apartamenti/index.html,2026-01-25T20:42:15.319558
103833 €,Двустаен апартамент,гр. Пловдив / кв. Христо Смирненски Пловдивска област / България,74.70 м,2,,https://www.luximmo.bg/bulgaria/oblast-plovdiv/plovdiv/luksozni-imoti-dvustayni-apartamenti/luksozen-imot-47445-dvustaen-apartament-za-prodajba-v-plovdiv.html,47445,продава,Luximmo,https://www.luximmo.bg/prodajba/bulgaria/oblast-plovdiv/plovdiv-luksozni-imoti/po-tip-apartamenti/index.html,2026-01-25T20:42:15.320281
164852 €,Тристаен апартамент,гр. Пловдив / кв. Христо Смирненски Пловдивска област / България,120.33 м,2,,https://www.luximmo.bg/bulgaria/oblast-plovdiv/plovdiv/luksozni-imoti-tristayni-apartamenti/luksozen-imot-47447-tristaen-apartament-za-prodajba-v-plovdiv.html,47447,продава,Luximmo,https://www.luximmo.bg/prodajba/bulgaria/oblast-plovdiv/plovdiv-luksozni-imoti/po-tip-apartamenti/index.html,2026-01-25T20:42:15.320995
391179 €,Четиристаен апартамент,гр. Пловдив / кв. Христо Смирненски Пловдивска област / България,264.31 м,7,,https://www.luximmo.bg/bulgaria/oblast-plovdiv/plovdiv/luksozni-imoti-chetiristayni-apartamenti/luksozen-imot-47450-chetiristaen-apartament-za-prodajba-v-plovdiv.html,47450,продава,Luximmo,https://www.luximmo.bg/prodajba/bulgaria/oblast-plovdiv/plovdiv-luksozni-imoti/po-tip-apartamenti/index.html,2026-01-25T20:42:15.321719
360000 €,Четиристаен апартамент,гр. Пловдив / кв. Център Пловдивска област / България,121 м,4,,https://www.luximmo.bg/bulgaria/oblast-plovdiv/plovdiv/luksozni-imoti-chetiristayni-apartamenti/luksozen-imot-47416-chetiristaen-apartament-za-prodajba-v-plovdiv.html,47416,продава,Luximmo,https://www.luximmo.bg/prodajba/bulgaria/oblast-plovdiv/plovdiv-luksozni-imoti/po-tip-apartamenti/index.html,2026-01-25T20:42:15.322543
156650 €,Тристаен апартамент,гр. Пловдив / кв. Кършияка Пловдивска област / България,104.43 м,3,,https://www.luximmo.bg/bulgaria/oblast-plovdiv/plovdiv/luksozni-imoti-tristayni-apartamenti/luksozen-imot-42124-tristaen-apartament-za-prodajba-v-plovdiv.html,42124,продава,Luximmo,https://www.luximmo.bg/prodajba/bulgaria/oblast-plovdiv/plovdiv-luksozni-imoti/po-tip-apartamenti/index.html,2026-01-25T20:42:15.323349
165440 €,Тристаен апартамент,гр. Пловдив / кв. Кършияка Пловдивска област / България,110.35 м,3,,https://www.luximmo.bg/bulgaria/oblast-plovdiv/plovdiv/luksozni-imoti-tristayni-apartamenti/luksozen-imot-42126-tristaen-apartament-za-prodajba-v-plovdiv.html,42126,продава,Luximmo,https://www.luximmo.bg/prodajba/bulgaria/oblast-plovdiv/plovdiv-luksozni-imoti/po-tip-apartamenti/index.html,2026-01-25T20:42:15.324150
110980 €,Двустаен апартамент,гр. Пловдив / кв. Каменица 2 Пловдивска област / България,65.28 м,5,,https://www.luximmo.bg/bulgaria/oblast-plovdiv/plovdiv/luksozni-imoti-dvustayni-apartamenti/luksozen-imot-46178-dvustaen-apartament-za-prodajba-v-plovdiv.html,46178,продава,Luximmo,https://www.luximmo.bg/prodajba/bulgaria/oblast-plovdiv/plovdiv-luksozni-imoti/po-tip-apartamenti/index.html,2026-01-25T20:42:15.324888
158340 €,Тристаен апартамент,гр. Пловдив / кв. Каменица 2 Пловдивска област / България,109.20 м,9,,https://www.luximmo.bg/bulgaria/oblast-plovdiv/plovdiv/luksozni-imoti-tristayni-apartamenti/luksozen-imot-46179-tristaen-apartament-za-prodajba-v-plovdiv.html,46179,продава,Luximmo,https://www.luximmo.bg/prodajba/bulgaria/oblast-plovdiv/plovdiv-luksozni-imoti/po-tip-apartamenti/index.html,2026-01-25T20:42:15.325691
268068 €,Четиристаен апартамент,гр. Пловдив / кв. Каменица 2 Пловдивска област / България,219.73 м,11,,https://www.luximmo.bg/bulgaria/oblast-plovdiv/plovdiv/luksozni-imoti-chetiristayni-apartamenti/luksozen-imot-46180-chetiristaen-apartament-za-prodajba-v-plovdiv.html,46180,продава,Luximmo,https://www.luximmo.bg/prodajba/bulgaria/oblast-plovdiv/plovdiv-luksozni-imoti/po-tip-apartamenti/index.html,2026-01-25T20:42:15.326511
202634 €,Тристаен апартамент,гр. Пловдив / кв. Христо Смирненски Пловдивска област / България,112.57 м,3,,https://www.luximmo.bg/bulgaria/oblast-plovdiv/plovdiv/luksozni-imoti-tristayni-apartamenti/luksozen-imot-47214-tristaen-apartament-za-prodajba-v-plovdiv.html,47214,продава,Luximmo,https://www.luximmo.bg/prodajba/bulgaria/oblast-plovdiv/plovdiv-luksozni-imoti/po-tip-apartamenti/index.html,2026-01-25T20:42:15.327201
137243 €,Двустаен апартамент,гр. Пловдив / кв. Христо Смирненски Пловдивска област / България,76 м,3,,https://www.luximmo.bg/bulgaria/oblast-plovdiv/plovdiv/luksozni-imoti-dvustayni-apartamenti/luksozen-imot-47216-dvustaen-apartament-za-prodajba-v-plovdiv.html,47216,продава,Luximmo,https://www.luximmo.bg/prodajba/bulgaria/oblast-plovdiv/plovdiv-luksozni-imoti/po-tip-apartamenti/index.html,2026-01-25T20:42:15.327909
151295 €,Двустаен апартамент,гр. Пловдив / кв. Каменица 1 Пловдивска област / България,65.78 м,4,,https://www.luximmo.bg/bulgaria/oblast-plovdiv/plovdiv/luksozni-imoti-dvustayni-apartamenti/luksozen-imot-47191-dvustaen-apartament-za-prodajba-v-plovdiv.html,47191,продава,Luximmo,https://www.luximmo.bg/prodajba/bulgaria/oblast-plovdiv/plovdiv-luksozni-imoti/po-tip-apartamenti/index.html,2026-01-25T20:42:15.328591
169165 €,Двустаен апартамент,гр. Пловдив / кв. Каменица 1 Пловдивска област / България,73 м,3,,https://www.luximmo.bg/bulgaria/oblast-plovdiv/plovdiv/luksozni-imoti-dvustayni-apartamenti/luksozen-imot-47204-dvustaen-apartament-za-prodajba-v-plovdiv.html,47204,продава,Luximmo,https://www.luximmo.bg/prodajba/bulgaria/oblast-plovdiv/plovdiv-luksozni-imoti/po-tip-apartamenti/index.html,2026-01-25T20:42:15.329333
153456 €,Двустаен апартамент,гр. Пловдив / кв. Каменица 1 Пловдивска област / България,66.72 м,4,,https://www.luximmo.bg/bulgaria/oblast-plovdiv/plovdiv/luksozni-imoti-dvustayni-apartamenti/luksozen-imot-47206-dvustaen-apartament-za-prodajba-v-plovdiv.html,47206,продава,Luximmo,https://www.luximmo.bg/prodajba/bulgaria/oblast-plovdiv/plovdiv-luksozni-imoti/po-tip-apartamenti/index.html,2026-01-25T20:42:15.330001
116948 €,Двустаен апартамент,гр. Пловдив / кв. Христо Смирненски Пловдивска област / България,75.94 м,2,,https://www.luximmo.bg/bulgaria/oblast-plovdiv/plovdiv/luksozni-imoti-dvustayni-apartamenti/luksozen-imot-47167-dvustaen-apartament-za-prodajba-v-plovdiv.html,47167,продава,Luximmo,https://www.luximmo.bg/prodajba/bulgaria/oblast-plovdiv/plovdiv-luksozni-imoti/po-tip-apartamenti/index.html,2026-01-25T20:42:15.330692
174221 €,Тристаен апартамент,гр. Пловдив / кв. Христо Смирненски Пловдивска област / България,113.13 м,3,,https://www.luximmo.bg/bulgaria/oblast-plovdiv/plovdiv/luksozni-imoti-tristayni-apartamenti/luksozen-imot-47168-tristaen-apartament-za-prodajba-v-plovdiv.html,47168,продава,Luximmo,https://www.luximmo.bg/prodajba/bulgaria/oblast-plovdiv/plovdiv-luksozni-imoti/po-tip-apartamenti/index.html,2026-01-25T20:42:15.331379
286500 €,Тристаен апартамент,гр. Пловдив / кв. Каменица 1 Пловдивска област / България,115.51 м,2,,https://www.luximmo.bg/bulgaria/oblast-plovdiv/plovdiv/luksozni-imoti-tristayni-apartamenti/luksozen-imot-47157-tristaen-apartament-za-prodajba-v-plovdiv.html,47157,продава,Luximmo,https://www.luximmo.bg/prodajba/bulgaria/oblast-plovdiv/plovdiv-luksozni-imoti/po-tip-apartamenti/index.html,2026-01-25T20:42:18.639063
110000 €,Двустаен апартамент,гр. Пловдив / кв. Кършияка Пловдивска област / България,71.58 м,3,,https://www.luximmo.bg/bulgaria/oblast-plovdiv/plovdiv/luksozni-imoti-dvustayni-apartamenti/luksozen-imot-47133-dvustaen-apartament-za-prodajba-v-plovdiv.html,47133,продава,Luximmo,https://www.luximmo.bg/prodajba/bulgaria/oblast-plovdiv/plovdiv-luksozni-imoti/po-tip-apartamenti/index.html,2026-01-25T20:42:18.639893
200000 €,Тристаен апартамент,гр. Пловдив / кв. Кършияка Пловдивска област / България,131.24 м,3,,https://www.luximmo.bg/bulgaria/oblast-plovdiv/plovdiv/luksozni-imoti-tristayni-apartamenti/luksozen-imot-47136-tristaen-apartament-za-prodajba-v-plovdiv.html,47136,продава,Luximmo,https://www.luximmo.bg/prodajba/bulgaria/oblast-plovdiv/plovdiv-luksozni-imoti/po-tip-apartamenti/index.html,2026-01-25T20:42:18.640768
Цена при запитване,Тристаен апартамент,гр. Пловдив / кв. Христо Смирненски Пловдивска област / България,99.73 м,4,,https://www.luximmo.bg/bulgaria/oblast-plovdiv/plovdiv/luksozni-imoti-tristayni-apartamenti/luksozen-imot-40532-tristaen-apartament-za-prodajba-v-plovdiv.html,40532,продава,Luximmo,https://www.luximmo.bg/prodajba/bulgaria/oblast-plovdiv/plovdiv-luksozni-imoti/po-tip-apartamenti/index.html,2026-01-25T20:42:18.641698
112207 €,Двустаен апартамент,гр. Пловдив / кв. Кючук Париж Пловдивска област / България,70.13 м,2,,https://www.luximmo.bg/bulgaria/oblast-plovdiv/plovdiv/luksozni-imoti-dvustayni-apartamenti/luksozen-imot-47079-dvustaen-apartament-za-prodajba-v-plovdiv.html,47079,продава,Luximmo,https://www.luximmo.bg/prodajba/bulgaria/oblast-plovdiv/plovdiv-luksozni-imoti/po-tip-apartamenti/index.html,2026-01-25T20:42:18.642522
134667 €,Двустаен апартамент,гр. Пловдив / кв. Кючук Париж Пловдивска област / България,81.62 м,2,,https://www.luximmo.bg/bulgaria/oblast-plovdiv/plovdiv/luksozni-imoti-dvustayni-apartamenti/luksozen-imot-47083-dvustaen-apartament-za-prodajba-v-plovdiv.html,47083,продава,Luximmo,https://www.luximmo.bg/prodajba/bulgaria/oblast-plovdiv/plovdiv-luksozni-imoti/po-tip-apartamenti/index.html,2026-01-25T20:42:18.643278
188159 €,Тристаен апартамент,гр. Пловдив / кв. Кючук Париж Пловдивска област / България,114.04 м,5,,https://www.luximmo.bg/bulgaria/oblast-plovdiv/plovdiv/luksozni-imoti-tristayni-apartamenti/luksozen-imot-47084-tristaen-apartament-za-prodajba-v-plovdiv.html,47084,продава,Luximmo,https://www.luximmo.bg/prodajba/bulgaria/oblast-plovdiv/plovdiv-luksozni-imoti/po-tip-apartamenti/index.html,2026-01-25T20:42:18.644042
243000 €,Четиристаен апартамент,гр. Пловдив / кв. Кючук Париж Пловдивска област / България,104 м,5,,https://www.luximmo.bg/bulgaria/oblast-plovdiv/plovdiv/luksozni-imoti-chetiristayni-apartamenti/luksozen-imot-47048-chetiristaen-apartament-za-prodajba-v-plovdiv.html,47048,продава,Luximmo,https://www.luximmo.bg/prodajba/bulgaria/oblast-plovdiv/plovdiv-luksozni-imoti/po-tip-apartamenti/index.html,2026-01-25T20:42:18.645017
1050000 €,Пентхаус,гр. Пловдив / кв. Център Пловдивска област / България,402 м,7,,https://www.luximmo.bg/bulgaria/oblast-plovdiv/plovdiv/luksozni-imoti-penthausi/luksozen-imot-47049-penthaus-za-prodajba-v-plovdiv.html,47049,продава,Luximmo,https://www.luximmo.bg/prodajba/bulgaria/oblast-plovdiv/plovdiv-luksozni-imoti/po-tip-apartamenti/index.html,2026-01-25T20:42:18.645932
91500 €,Едностаен апартамент,гр. Пловдив / кв. Христо Смирненски Пловдивска област / България,56.61 м,5,,https://www.luximmo.bg/bulgaria/oblast-plovdiv/plovdiv/luksozni-imoti-ednostayni-apartamenti/luksozen-imot-47025-ednostaen-apartament-za-prodajba-v-plovdiv.html,47025,продава,Luximmo,https://www.luximmo.bg/prodajba/bulgaria/oblast-plovdiv/plovdiv-luksozni-imoti/po-tip-apartamenti/index.html,2026-01-25T20:42:18.646725
180550 €,Двустаен апартамент,гр. Пловдив / кв. Каменица 1 Пловдивска област / България,72.22 м,5,,https://www.luximmo.bg/bulgaria/oblast-plovdiv/plovdiv/luksozni-imoti-dvustayni-apartamenti/luksozen-imot-46968-dvustaen-apartament-za-prodajba-v-plovdiv.html,46968,продава,Luximmo,https://www.luximmo.bg/prodajba/bulgaria/oblast-plovdiv/plovdiv-luksozni-imoti/po-tip-apartamenti/index.html,2026-01-25T20:42:18.647491
160000 €,Двустаен апартамент,гр. Пловдив / кв. Христо Смирненски Пловдивска област / България,60.17 м,1,,https://www.luximmo.bg/bulgaria/oblast-plovdiv/plovdiv/luksozni-imoti-dvustayni-apartamenti/luksozen-imot-46900-dvustaen-apartament-za-prodajba-v-plovdiv.html,46900,продава,Luximmo,https://www.luximmo.bg/prodajba/bulgaria/oblast-plovdiv/plovdiv-luksozni-imoti/po-tip-apartamenti/index.html,2026-01-25T20:42:18.648274
195680 €,Тристаен апартамент,гр. Пловдив / кв. Кършияка Пловдивска област / България,97.84 м,1,,https://www.luximmo.bg/bulgaria/oblast-plovdiv/plovdiv/luksozni-imoti-tristayni-apartamenti/luksozen-imot-46920-tristaen-apartament-za-prodajba-v-plovdiv.html,46920,продава,Luximmo,https://www.luximmo.bg/prodajba/bulgaria/oblast-plovdiv/plovdiv-luksozni-imoti/po-tip-apartamenti/index.html,2026-01-25T20:42:18.648910
160000 €,Двустаен апартамент,гр. Пловдив / кв. Христо Смирненски Пловдивска област / България,65.25 м,2,,https://www.luximmo.bg/bulgaria/oblast-plovdiv/plovdiv/luksozni-imoti-dvustayni-apartamenti/luksozen-imot-46889-dvustaen-apartament-za-prodajba-v-plovdiv.html,46889,продава,Luximmo,https://www.luximmo.bg/prodajba/bulgaria/oblast-plovdiv/plovdiv-luksozni-imoti/po-tip-apartamenti/index.html,2026-01-25T20:42:18.649689
407000 €,Четиристаен апартамент,гр. Пловдив / кв. Кършияка Пловдивска област / България,133 м,3,,https://www.luximmo.bg/bulgaria/oblast-plovdiv/plovdiv/luksozni-imoti-chetiristayni-apartamenti/luksozen-imot-46848-chetiristaen-apartament-za-prodajba-v-plovdiv.html,46848,продава,Luximmo,https://www.luximmo.bg/prodajba/bulgaria/oblast-plovdiv/plovdiv-luksozni-imoti/po-tip-apartamenti/index.html,2026-01-25T20:42:18.650625
95000 €,Двустаен апартамент,гр. Пловдив / кв. Кършияка Пловдивска област / България,71.87 м,6,,https://www.luximmo.bg/bulgaria/oblast-plovdiv/plovdiv/luksozni-imoti-dvustayni-apartamenti/luksozen-imot-46459-dvustaen-apartament-za-prodajba-v-plovdiv.html,46459,продава,Luximmo,https://www.luximmo.bg/prodajba/bulgaria/oblast-plovdiv/plovdiv-luksozni-imoti/po-tip-apartamenti/index.html,2026-01-25T20:42:18.651349
200803 €,Тристаен апартамент,гр. Пловдив / кв. Христо Смирненски Пловдивска област / България,118.12 м,6,,https://www.luximmo.bg/bulgaria/oblast-plovdiv/plovdiv/luksozni-imoti-tristayni-apartamenti/luksozen-imot-46438-tristaen-apartament-za-prodajba-v-plovdiv.html,46438,продава,Luximmo,https://www.luximmo.bg/prodajba/bulgaria/oblast-plovdiv/plovdiv-luksozni-imoti/po-tip-apartamenti/index.html,2026-01-25T20:42:18.652106
110000 €,Двустаен апартамент,гр. Пловдив / кв. Остромила Пловдивска област / България,80.46 м,2,,https://www.luximmo.bg/bulgaria/oblast-plovdiv/plovdiv/luksozni-imoti-dvustayni-apartamenti/luksozen-imot-46455-dvustaen-apartament-za-prodajba-v-plovdiv.html,46455,продава,Luximmo,https://www.luximmo.bg/prodajba/bulgaria/oblast-plovdiv/plovdiv-luksozni-imoti/po-tip-apartamenti/index.html,2026-01-25T20:42:18.652808
140369 €,Двустаен апартамент,гр. Пловдив / кв. Христо Смирненски Пловдивска област / България,79.19 м,4,,https://www.luximmo.bg/bulgaria/oblast-plovdiv/plovdiv/luksozni-imoti-dvustayni-apartamenti/luksozen-imot-46437-dvustaen-apartament-za-prodajba-v-plovdiv.html,46437,продава,Luximmo,https://www.luximmo.bg/prodajba/bulgaria/oblast-plovdiv/plovdiv-luksozni-imoti/po-tip-apartamenti/index.html,2026-01-25T20:42:18.653591
190000 €,Тристаен апартамент,гр. Пловдив / кв. Отдих и Култура Пловдивска област / България,114.84 м,4,,https://www.luximmo.bg/bulgaria/oblast-plovdiv/plovdiv/luksozni-imoti-tristayni-apartamenti/luksozen-imot-46397-tristaen-apartament-za-prodajba-v-plovdiv.html,46397,продава,Luximmo,https://www.luximmo.bg/prodajba/bulgaria/oblast-plovdiv/plovdiv-luksozni-imoti/po-tip-apartamenti/index.html,2026-01-25T20:42:18.654494
360000 €,Тристаен апартамент,гр. Пловдив / кв. Кючук Париж Пловдивска област / България,159 м,7,,https://www.luximmo.bg/bulgaria/oblast-plovdiv/plovdiv/luksozni-imoti-tristayni-apartamenti/luksozen-imot-46342-tristaen-apartament-za-prodajba-v-plovdiv.html,46342,продава,Luximmo,https://www.luximmo.bg/prodajba/bulgaria/oblast-plovdiv/plovdiv-luksozni-imoti/po-tip-apartamenti/index.html,2026-01-25T20:42:18.655354
148212 €,Двустаен апартамент,гр. Пловдив / кв. Кършияка Пловдивска област / България,64.44 м,3,,https://www.luximmo.bg/bulgaria/oblast-plovdiv/plovdiv/luksozni-imoti-dvustayni-apartamenti/luksozen-imot-46353-dvustaen-apartament-za-prodajba-v-plovdiv.html,46353,продава,Luximmo,https://www.luximmo.bg/prodajba/bulgaria/oblast-plovdiv/plovdiv-luksozni-imoti/po-tip-apartamenti/index.html,2026-01-25T20:42:18.656002
896930 €,Четиристаен апартамент,гр. Пловдив / кв. Тракия Пловдивска област / България,450.72 м,4,,https://www.luximmo.bg/bulgaria/oblast-plovdiv/plovdiv/luksozni-imoti-chetiristayni-apartamenti/luksozen-imot-46375-chetiristaen-apartament-za-prodajba-v-plovdiv.html,46375,продава,Luximmo,https://www.luximmo.bg/prodajba/bulgaria/oblast-plovdiv/plovdiv-luksozni-imoti/po-tip-apartamenti/index.html,2026-01-25T20:42:18.656674
84870 €,Двустаен апартамент,гр. Пловдив / кв. Христо Смирненски Пловдивска област / България,47.15 м,5,,https://www.luximmo.bg/bulgaria/oblast-plovdiv/plovdiv/luksozni-imoti-dvustayni-apartamenti/luksozen-imot-46257-dvustaen-apartament-za-prodajba-v-plovdiv.html,46257,продава,Luximmo,https://www.luximmo.bg/prodajba/bulgaria/oblast-plovdiv/plovdiv-luksozni-imoti/po-tip-apartamenti/index.html,2026-01-25T20:42:18.657444
136098 €,Двустаен апартамент,гр. Пловдив / кв. Христо Смирненски Пловдивска област / България,75.61 м,5,,https://www.luximmo.bg/bulgaria/oblast-plovdiv/plovdiv/luksozni-imoti-dvustayni-apartamenti/luksozen-imot-46259-dvustaen-apartament-za-prodajba-v-plovdiv.html,46259,продава,Luximmo,https://www.luximmo.bg/prodajba/bulgaria/oblast-plovdiv/plovdiv-luksozni-imoti/po-tip-apartamenti/index.html,2026-01-25T20:42:21.781838
153180 €,Тристаен апартамент,гр. Пловдив / кв. Христо Смирненски Пловдивска област / България,85.10 м,6,,https://www.luximmo.bg/bulgaria/oblast-plovdiv/plovdiv/luksozni-imoti-tristayni-apartamenti/luksozen-imot-46262-tristaen-apartament-za-prodajba-v-plovdiv.html,46262,продава,Luximmo,https://www.luximmo.bg/prodajba/bulgaria/oblast-plovdiv/plovdiv-luksozni-imoti/po-tip-apartamenti/index.html,2026-01-25T20:42:21.782675
Цена при запитване,Двустаен апартамент,гр. Пловдив / кв. Христо Смирненски Пловдивска област / България,81.95 м,2,,https://www.luximmo.bg/bulgaria/oblast-plovdiv/plovdiv/luksozni-imoti-dvustayni-apartamenti/luksozen-imot-46209-dvustaen-apartament-za-prodajba-v-plovdiv.html,46209,продава,Luximmo,https://www.luximmo.bg/prodajba/bulgaria/oblast-plovdiv/plovdiv-luksozni-imoti/po-tip-apartamenti/index.html,2026-01-25T20:42:21.783423
200000 €,Тристаен апартамент,гр. Пловдив / кв. Кършияка Пловдивска област / България,131.94 м,3,,https://www.luximmo.bg/bulgaria/oblast-plovdiv/plovdiv/luksozni-imoti-tristayni-apartamenti/luksozen-imot-46029-tristaen-apartament-za-prodajba-v-plovdiv.html,46029,продава,Luximmo,https://www.luximmo.bg/prodajba/bulgaria/oblast-plovdiv/plovdiv-luksozni-imoti/po-tip-apartamenti/index.html,2026-01-25T20:42:21.784131
195083 €,Тристаен апартамент,гр. Пловдив / кв. Остромила Пловдивска област / България,248.06 м,1,,https://www.luximmo.bg/bulgaria/oblast-plovdiv/plovdiv/luksozni-imoti-tristayni-apartamenti/luksozen-imot-46011-tristaen-apartament-za-prodajba-v-plovdiv.html,46011,продава,Luximmo,https://www.luximmo.bg/prodajba/bulgaria/oblast-plovdiv/plovdiv-luksozni-imoti/po-tip-apartamenti/index.html,2026-01-25T20:42:21.784886
181380 €,Тристаен апартамент,гр. Пловдив / кв. Остромила Пловдивска област / България,204.33 м,4,,https://www.luximmo.bg/bulgaria/oblast-plovdiv/plovdiv/luksozni-imoti-tristayni-apartamenti/luksozen-imot-46012-tristaen-apartament-za-prodajba-v-plovdiv.html,46012,продава,Luximmo,https://www.luximmo.bg/prodajba/bulgaria/oblast-plovdiv/plovdiv-luksozni-imoti/po-tip-apartamenti/index.html,2026-01-25T20:42:21.785680
98500 €,Двустаен апартамент,гр. Пловдив / кв. Остромила Пловдивска област / България,70.28 м,1,,https://www.luximmo.bg/bulgaria/oblast-plovdiv/plovdiv/luksozni-imoti-dvustayni-apartamenti/luksozen-imot-45971-dvustaen-apartament-za-prodajba-v-plovdiv.html,45971,продава,Luximmo,https://www.luximmo.bg/prodajba/bulgaria/oblast-plovdiv/plovdiv-luksozni-imoti/po-tip-apartamenti/index.html,2026-01-25T20:42:21.786468
99500 €,Двустаен апартамент,гр. Пловдив / кв. Остромила Пловдивска област / България,71.47 м,4,,https://www.luximmo.bg/bulgaria/oblast-plovdiv/plovdiv/luksozni-imoti-dvustayni-apartamenti/luksozen-imot-45972-dvustaen-apartament-za-prodajba-v-plovdiv.html,45972,продава,Luximmo,https://www.luximmo.bg/prodajba/bulgaria/oblast-plovdiv/plovdiv-luksozni-imoti/po-tip-apartamenti/index.html,2026-01-25T20:42:21.787231
132000 €,Тристаен апартамент,гр. Пловдив / кв. Остромила Пловдивска област / България,95.43 м,4,,https://www.luximmo.bg/bulgaria/oblast-plovdiv/plovdiv/luksozni-imoti-tristayni-apartamenti/luksozen-imot-45973-tristaen-apartament-za-prodajba-v-plovdiv.html,45973,продава,Luximmo,https://www.luximmo.bg/prodajba/bulgaria/oblast-plovdiv/plovdiv-luksozni-imoti/po-tip-apartamenti/index.html,2026-01-25T20:42:21.787973
145000 €,Тристаен апартамент,гр. Пловдив / кв. Кършияка Пловдивска област / България,117.28 м,4,,https://www.luximmo.bg/bulgaria/oblast-plovdiv/plovdiv/luksozni-imoti-tristayni-apartamenti/luksozen-imot-45870-tristaen-apartament-za-prodajba-v-plovdiv.html,45870,продава,Luximmo,https://www.luximmo.bg/prodajba/bulgaria/oblast-plovdiv/plovdiv-luksozni-imoti/po-tip-apartamenti/index.html,2026-01-25T20:42:21.788845
103246 €,Двустаен апартамент,гр. Пловдив / кв. Остромила Пловдивска област / България,79.42 м,2,,https://www.luximmo.bg/bulgaria/oblast-plovdiv/plovdiv/luksozni-imoti-dvustayni-apartamenti/luksozen-imot-45690-dvustaen-apartament-za-prodajba-v-plovdiv.html,45690,продава,Luximmo,https://www.luximmo.bg/prodajba/bulgaria/oblast-plovdiv/plovdiv-luksozni-imoti/po-tip-apartamenti/index.html,2026-01-25T20:42:21.789668
120000 €,Двустаен апартамент,гр. Пловдив / кв. Кършияка Пловдивска област / България,71.96 м,2,,https://www.luximmo.bg/bulgaria/oblast-plovdiv/plovdiv/luksozni-imoti-dvustayni-apartamenti/luksozen-imot-45569-dvustaen-apartament-za-prodajba-v-plovdiv.html,45569,продава,Luximmo,https://www.luximmo.bg/prodajba/bulgaria/oblast-plovdiv/plovdiv-luksozni-imoti/po-tip-apartamenti/index.html,2026-01-25T20:42:21.790430
117012 €,Тристаен апартамент,гр. Пловдив / кв. Тракия Пловдивска област / България,111.44 м,2,,https://www.luximmo.bg/bulgaria/oblast-plovdiv/plovdiv/luksozni-imoti-tristayni-apartamenti/luksozen-imot-45511-tristaen-apartament-za-prodajba-v-plovdiv.html,45511,продава,Luximmo,https://www.luximmo.bg/prodajba/bulgaria/oblast-plovdiv/plovdiv-luksozni-imoti/po-tip-apartamenti/index.html,2026-01-25T20:42:21.791101
88000 €,Едностаен апартамент,гр. Пловдив / кв. Христо Смирненски Пловдивска област / България,56.62 м,4,,https://www.luximmo.bg/bulgaria/oblast-plovdiv/plovdiv/luksozni-imoti-ednostayni-apartamenti/luksozen-imot-45219-ednostaen-apartament-za-prodajba-v-plovdiv.html,45219,продава,Luximmo,https://www.luximmo.bg/prodajba/bulgaria/oblast-plovdiv/plovdiv-luksozni-imoti/po-tip-apartamenti/index.html,2026-01-25T20:42:21.791814
354176 €,Тристаен апартамент,гр. Пловдив / кв. Христо Смирненски Пловдивска област / България,207.12 м,9,,https://www.luximmo.bg/bulgaria/oblast-plovdiv/plovdiv/luksozni-imoti-tristayni-apartamenti/luksozen-imot-44597-tristaen-apartament-za-prodajba-v-plovdiv.html,44597,продава,Luximmo,https://www.luximmo.bg/prodajba/bulgaria/oblast-plovdiv/plovdiv-luksozni-imoti/po-tip-apartamenti/index.html,2026-01-25T20:42:21.792538
175000 €,Тристаен апартамент,гр. Пловдив / кв. Кършияка Пловдивска област / България,119.09 м,2,,https://www.luximmo.bg/bulgaria/oblast-plovdiv/plovdiv/luksozni-imoti-tristayni-apartamenti/luksozen-imot-44420-tristaen-apartament-za-prodajba-v-plovdiv.html,44420,продава,Luximmo,https://www.luximmo.bg/prodajba/bulgaria/oblast-plovdiv/plovdiv-luksozni-imoti/po-tip-apartamenti/index.html,2026-01-25T20:42:21.793296
80000 €,Двустаен апартамент,гр. Пловдив / кв. Кършияка Пловдивска област / България,57.55 м,6,,https://www.luximmo.bg/bulgaria/oblast-plovdiv/plovdiv/luksozni-imoti-dvustayni-apartamenti/luksozen-imot-44499-dvustaen-apartament-za-prodajba-v-plovdiv.html,44499,продава,Luximmo,https://www.luximmo.bg/prodajba/bulgaria/oblast-plovdiv/plovdiv-luksozni-imoti/po-tip-apartamenti/index.html,2026-01-25T20:42:21.794135
102706 €,Двустаен апартамент,гр. Пловдив / кв. Остромила Пловдивска област / България,129.19 м,,,https://www.luximmo.bg/bulgaria/oblast-plovdiv/plovdiv/luksozni-imoti-dvustayni-apartamenti/luksozen-imot-44313-dvustaen-apartament-za-prodajba-v-plovdiv.html,44313,продава,Luximmo,https://www.luximmo.bg/prodajba/bulgaria/oblast-plovdiv/plovdiv-luksozni-imoti/po-tip-apartamenti/index.html,2026-01-25T20:42:21.794851
250000 €,Тристаен апартамент,гр. Пловдив / кв. Остромила Пловдивска област / България,90 м,2,,https://www.luximmo.bg/bulgaria/oblast-plovdiv/plovdiv/luksozni-imoti-tristayni-apartamenti/luksozen-imot-44311-tristaen-apartament-za-prodajba-v-plovdiv.html,44311,продава,Luximmo,https://www.luximmo.bg/prodajba/bulgaria/oblast-plovdiv/plovdiv-luksozni-imoti/po-tip-apartamenti/index.html,2026-01-25T20:42:21.795592
Цена при запитване,Двустаен апартамент,гр. Пловдив / кв. Остромила Пловдивска област / България,67 м,2,,https://www.luximmo.bg/bulgaria/oblast-plovdiv/plovdiv/luksozni-imoti-dvustayni-apartamenti/luksozen-imot-44289-dvustaen-apartament-za-prodajba-v-plovdiv.html,44289,продава,Luximmo,https://www.luximmo.bg/prodajba/bulgaria/oblast-plovdiv/plovdiv-luksozni-imoti/po-tip-apartamenti/index.html,2026-01-25T20:42:21.796328
Цена при запитване,Тристаен апартамент,гр. Пловдив / кв. Остромила Пловдивска област / България,113 м,2,,https://www.luximmo.bg/bulgaria/oblast-plovdiv/plovdiv/luksozni-imoti-tristayni-apartamenti/luksozen-imot-44290-tristaen-apartament-za-prodajba-v-plovdiv.html,44290,продава,Luximmo,https://www.luximmo.bg/prodajba/bulgaria/oblast-plovdiv/plovdiv-luksozni-imoti/po-tip-apartamenti/index.html,2026-01-25T20:42:21.797053
Цена при запитване,Тристаен апартамент,гр. Пловдив / кв. Христо Смирненски Пловдивска област / България,153.96 м,5,,https://www.luximmo.bg/bulgaria/oblast-plovdiv/plovdiv/luksozni-imoti-tristayni-apartamenti/luksozen-imot-44213-tristaen-apartament-za-prodajba-v-plovdiv.html,44213,продава,Luximmo,https://www.luximmo.bg/prodajba/bulgaria/oblast-plovdiv/plovdiv-luksozni-imoti/po-tip-apartamenti/index.html,2026-01-25T20:42:21.797776
340000 €,Четиристаен апартамент,гр. Пловдив / кв. Христо Смирненски Пловдивска област / България,205.98 м,4,,https://www.luximmo.bg/bulgaria/oblast-plovdiv/plovdiv/luksozni-imoti-chetiristayni-apartamenti/luksozen-imot-43215-chetiristaen-apartament-za-prodajba-v-plovdiv.html,43215,продава,Luximmo,https://www.luximmo.bg/prodajba/bulgaria/oblast-plovdiv/plovdiv-luksozni-imoti/po-tip-apartamenti/index.html,2026-01-25T20:42:21.798489
295200 €,Тристаен апартамент,гр. Пловдив / кв. Център Пловдивска област / България,118 м,3,,https://www.luximmo.bg/bulgaria/oblast-plovdiv/plovdiv/luksozni-imoti-tristayni-apartamenti/luksozen-imot-44076-tristaen-apartament-za-prodajba-v-plovdiv.html,44076,продава,Luximmo,https://www.luximmo.bg/prodajba/bulgaria/oblast-plovdiv/plovdiv-luksozni-imoti/po-tip-apartamenti/index.html,2026-01-25T20:42:21.799137
Цена при запитване,Тристаен апартамент,гр. Пловдив / кв. Христо Смирненски Пловдивска област / България,103.64 м,1,,https://www.luximmo.bg/bulgaria/oblast-plovdiv/plovdiv/luksozni-imoti-tristayni-apartamenti/luksozen-imot-44024-tristaen-apartament-za-prodajba-v-plovdiv.html,44024,продава,Luximmo,https://www.luximmo.bg/prodajba/bulgaria/oblast-plovdiv/plovdiv-luksozni-imoti/po-tip-apartamenti/index.html,2026-01-25T20:42:25.101987
Цена при запитване,Четиристаен апартамент,гр. Пловдив / кв. Христо Смирненски Пловдивска област / България,135.43 м,1,,https://www.luximmo.bg/bulgaria/oblast-plovdiv/plovdiv/luksozni-imoti-chetiristayni-apartamenti/luksozen-imot-44025-chetiristaen-apartament-za-prodajba-v-plovdiv.html,44025,продава,Luximmo,https://www.luximmo.bg/prodajba/bulgaria/oblast-plovdiv/plovdiv-luksozni-imoti/po-tip-apartamenti/index.html,2026-01-25T20:42:25.102700
235000 €,Тристаен апартамент,гр. Пловдив / кв. Остромила Пловдивска област / България,118 м,2,,https://www.luximmo.bg/bulgaria/oblast-plovdiv/plovdiv/luksozni-imoti-tristayni-apartamenti/luksozen-imot-43858-tristaen-apartament-za-prodajba-v-plovdiv.html,43858,продава,Luximmo,https://www.luximmo.bg/prodajba/bulgaria/oblast-plovdiv/plovdiv-luksozni-imoti/po-tip-apartamenti/index.html,2026-01-25T20:42:25.103521
66087 €,Двустаен апартамент,гр. Пловдив / кв. Гагарин Пловдивска област / България,51.28 м,7,,https://www.luximmo.bg/bulgaria/oblast-plovdiv/plovdiv/luksozni-imoti-dvustayni-apartamenti/luksozen-imot-43731-dvustaen-apartament-za-prodajba-v-plovdiv.html,43731,продава,Luximmo,https://www.luximmo.bg/prodajba/bulgaria/oblast-plovdiv/plovdiv-luksozni-imoti/po-tip-apartamenti/index.html,2026-01-25T20:42:25.104243
106693 €,Тристаен апартамент,гр. Пловдив / кв. Гагарин Пловдивска област / България,98.79 м,1,,https://www.luximmo.bg/bulgaria/oblast-plovdiv/plovdiv/luksozni-imoti-tristayni-apartamenti/luksozen-imot-43732-tristaen-apartament-za-prodajba-v-plovdiv.html,43732,продава,Luximmo,https://www.luximmo.bg/prodajba/bulgaria/oblast-plovdiv/plovdiv-luksozni-imoti/po-tip-apartamenti/index.html,2026-01-25T20:42:25.104943
100188 €,Двустаен апартамент,гр. Пловдив / кв. Остромила Пловдивска област / България,82.80 м,1,,https://www.luximmo.bg/bulgaria/oblast-plovdiv/plovdiv/luksozni-imoti-dvustayni-apartamenti/luksozen-imot-43714-dvustaen-apartament-za-prodajba-v-plovdiv.html,43714,продава,Luximmo,https://www.luximmo.bg/prodajba/bulgaria/oblast-plovdiv/plovdiv-luksozni-imoti/po-tip-apartamenti/index.html,2026-01-25T20:42:25.105679
120704 €,Двустаен апартамент,гр. Пловдив / кв. Христо Смирненски Пловдивска област / България,75.44 м,7,,https://www.luximmo.bg/bulgaria/oblast-plovdiv/plovdiv/luksozni-imoti-dvustayni-apartamenti/luksozen-imot-43679-dvustaen-apartament-za-prodajba-v-plovdiv.html,43679,продава,Luximmo,https://www.luximmo.bg/prodajba/bulgaria/oblast-plovdiv/plovdiv-luksozni-imoti/po-tip-apartamenti/index.html,2026-01-25T20:42:25.106463
155000 €,Тристаен апартамент,гр. Пловдив / кв. Кършияка Пловдивска област / България,119.11 м,3,,https://www.luximmo.bg/bulgaria/oblast-plovdiv/plovdiv/luksozni-imoti-tristayni-apartamenti/luksozen-imot-43672-tristaen-apartament-za-prodajba-v-plovdiv.html,43672,продава,Luximmo,https://www.luximmo.bg/prodajba/bulgaria/oblast-plovdiv/plovdiv-luksozni-imoti/po-tip-apartamenti/index.html,2026-01-25T20:42:25.107241
195400 €,Двустаен апартамент,гр. Пловдив / кв. Център Пловдивска област / България,78.16 м,1,,https://www.luximmo.bg/bulgaria/oblast-plovdiv/plovdiv/luksozni-imoti-dvustayni-apartamenti/luksozen-imot-43539-dvustaen-apartament-za-prodajba-v-plovdiv.html,43539,продава,Luximmo,https://www.luximmo.bg/prodajba/bulgaria/oblast-plovdiv/plovdiv-luksozni-imoti/po-tip-apartamenti/index.html,2026-01-25T20:42:25.107959
Цена при запитване,Двустаен апартамент,гр. Пловдив / кв. Христо Смирненски Пловдивска област / България,67.11 м,8,,https://www.luximmo.bg/bulgaria/oblast-plovdiv/plovdiv/luksozni-imoti-dvustayni-apartamenti/luksozen-imot-43051-dvustaen-apartament-za-prodajba-v-plovdiv.html,43051,продава,Luximmo,https://www.luximmo.bg/prodajba/bulgaria/oblast-plovdiv/plovdiv-luksozni-imoti/po-tip-apartamenti/index.html,2026-01-25T20:42:25.108656
230000 €,Тристаен апартамент,гр. Пловдив / кв. Кършияка Пловдивска област / България,171.57 м,5,,https://www.luximmo.bg/bulgaria/oblast-plovdiv/plovdiv/luksozni-imoti-tristayni-apartamenti/luksozen-imot-42663-tristaen-apartament-za-prodajba-v-plovdiv.html,42663,продава,Luximmo,https://www.luximmo.bg/prodajba/bulgaria/oblast-plovdiv/plovdiv-luksozni-imoti/po-tip-apartamenti/index.html,2026-01-25T20:42:25.109421
298900 €,Тристаен апартамент,гр. Пловдив / кв. Център Пловдивска област / България,119.56 м,5,,https://www.luximmo.bg/bulgaria/oblast-plovdiv/plovdiv/luksozni-imoti-tristayni-apartamenti/luksozen-imot-42590-tristaen-apartament-za-prodajba-v-plovdiv.html,42590,продава,Luximmo,https://www.luximmo.bg/prodajba/bulgaria/oblast-plovdiv/plovdiv-luksozni-imoti/po-tip-apartamenti/index.html,2026-01-25T20:42:25.110400
514750 €,Четиристаен апартамент,гр. Пловдив / кв. Център Пловдивска област / България,205.90 м,6,,https://www.luximmo.bg/bulgaria/oblast-plovdiv/plovdiv/luksozni-imoti-chetiristayni-apartamenti/luksozen-imot-42591-chetiristaen-apartament-za-prodajba-v-plovdiv.html,42591,продава,Luximmo,https://www.luximmo.bg/prodajba/bulgaria/oblast-plovdiv/plovdiv-luksozni-imoti/po-tip-apartamenti/index.html,2026-01-25T20:42:25.111243
99000 €,Двустаен апартамент,гр. Пловдив / кв. Тракия Пловдивска област / България,76.19 м,6,,https://www.luximmo.bg/bulgaria/oblast-plovdiv/plovdiv/luksozni-imoti-dvustayni-apartamenti/luksozen-imot-42338-dvustaen-apartament-za-prodajba-v-plovdiv.html,42338,продава,Luximmo,https://www.luximmo.bg/prodajba/bulgaria/oblast-plovdiv/plovdiv-luksozni-imoti/po-tip-apartamenti/index.html,2026-01-25T20:42:25.111903
161000 €,Тристаен апартамент,гр. Пловдив / кв. Кючук Париж Пловдивска област / България,112 м,3,,https://www.luximmo.bg/bulgaria/oblast-plovdiv/plovdiv/luksozni-imoti-tristayni-apartamenti/luksozen-imot-42245-tristaen-apartament-za-prodajba-v-plovdiv.html,42245,продава,Luximmo,https://www.luximmo.bg/prodajba/bulgaria/oblast-plovdiv/plovdiv-luksozni-imoti/po-tip-apartamenti/index.html,2026-01-25T20:42:25.112564
118260 €,Двустаен апартамент,гр. Пловдив / кв. Христо Смирненски Пловдивска област / България,78.84 м,5,,https://www.luximmo.bg/bulgaria/oblast-plovdiv/plovdiv/luksozni-imoti-dvustayni-apartamenti/luksozen-imot-42003-dvustaen-apartament-za-prodajba-v-plovdiv.html,42003,продава,Luximmo,https://www.luximmo.bg/prodajba/bulgaria/oblast-plovdiv/plovdiv-luksozni-imoti/po-tip-apartamenti/index.html,2026-01-25T20:42:25.113316
308714 €,Четиристаен апартамент,гр. Пловдив / кв. Христо Смирненски Пловдивска област / България,199.17 м,8,,https://www.luximmo.bg/bulgaria/oblast-plovdiv/plovdiv/luksozni-imoti-chetiristayni-apartamenti/luksozen-imot-41938-chetiristaen-apartament-za-prodajba-v-plovdiv.html,41938,продава,Luximmo,https://www.luximmo.bg/prodajba/bulgaria/oblast-plovdiv/plovdiv-luksozni-imoti/po-tip-apartamenti/index.html,2026-01-25T20:42:25.114077
Цена при запитване,Тристаен апартамент,гр. Пловдив / кв. Остромила Пловдивска област / България,105.05 м,3,,https://www.luximmo.bg/bulgaria/oblast-plovdiv/plovdiv/luksozni-imoti-tristayni-apartamenti/luksozen-imot-41733-tristaen-apartament-za-prodajba-v-plovdiv.html,41733,продава,Luximmo,https://www.luximmo.bg/prodajba/bulgaria/oblast-plovdiv/plovdiv-luksozni-imoti/po-tip-apartamenti/index.html,2026-01-25T20:42:25.114832
Цена при запитване,Двустаен апартамент,гр. Пловдив / кв. Остромила Пловдивска област / България,73.17 м,2,,https://www.luximmo.bg/bulgaria/oblast-plovdiv/plovdiv/luksozni-imoti-dvustayni-apartamenti/luksozen-imot-41104-dvustaen-apartament-za-prodajba-v-plovdiv.html,41104,продава,Luximmo,https://www.luximmo.bg/prodajba/bulgaria/oblast-plovdiv/plovdiv-luksozni-imoti/po-tip-apartamenti/index.html,2026-01-25T20:42:25.115604
Цена при запитване,Тристаен апартамент,гр. Пловдив / кв. Кършияка Пловдивска област / България,121.13 м,3,,https://www.luximmo.bg/bulgaria/oblast-plovdiv/plovdiv/luksozni-imoti-tristayni-apartamenti/luksozen-imot-41047-tristaen-apartament-za-prodajba-v-plovdiv.html,41047,продава,Luximmo,https://www.luximmo.bg/prodajba/bulgaria/oblast-plovdiv/plovdiv-luksozni-imoti/po-tip-apartamenti/index.html,2026-01-25T20:42:25.116311
128000 €,Двустаен апартамент,гр. Пловдив / кв. Христо Смирненски Пловдивска област / България,81 м,6,,https://www.luximmo.bg/bulgaria/oblast-plovdiv/plovdiv/luksozni-imoti-dvustayni-apartamenti/luksozen-imot-40679-dvustaen-apartament-za-prodajba-v-plovdiv.html,40679,продава,Luximmo,https://www.luximmo.bg/prodajba/bulgaria/oblast-plovdiv/plovdiv-luksozni-imoti/po-tip-apartamenti/index.html,2026-01-25T20:42:25.117003
122600 €,Двустаен апартамент,гр. Пловдив / кв. Христо Смирненски Пловдивска област / България,87.28 м,6,,https://www.luximmo.bg/bulgaria/oblast-plovdiv/plovdiv/luksozni-imoti-dvustayni-apartamenti/luksozen-imot-40681-dvustaen-apartament-za-prodajba-v-plovdiv.html,40681,продава,Luximmo,https://www.luximmo.bg/prodajba/bulgaria/oblast-plovdiv/plovdiv-luksozni-imoti/po-tip-apartamenti/index.html,2026-01-25T20:42:25.117726
285000 €,Мезонет,гр. Пловдив / кв. Западен Пловдивска област / България,205.95 м,2,,https://www.luximmo.bg/bulgaria/oblast-plovdiv/plovdiv/luksozni-imoti-mezoneti/luksozen-imot-36614-mezonet-za-prodajba-v-plovdiv.html,36614,продава,Luximmo,https://www.luximmo.bg/prodajba/bulgaria/oblast-plovdiv/plovdiv-luksozni-imoti/po-tip-apartamenti/index.html,2026-01-25T20:42:25.118455
275000 €,Четиристаен апартамент,гр. Пловдив / кв. Кършияка Пловдивска област / България,267.21 м,7,,https://www.luximmo.bg/bulgaria/oblast-plovdiv/plovdiv/luksozni-imoti-chetiristayni-apartamenti/luksozen-imot-40154-chetiristaen-apartament-za-prodajba-v-plovdiv.html,40154,продава,Luximmo,https://www.luximmo.bg/prodajba/bulgaria/oblast-plovdiv/plovdiv-luksozni-imoti/po-tip-apartamenti/index.html,2026-01-25T20:42:25.119325
Цена при запитване,Четиристаен апартамент,гр. Пловдив / кв. Център Пловдивска област / България,100 м,1,,https://www.luximmo.bg/bulgaria/oblast-plovdiv/plovdiv/luksozni-imoti-chetiristayni-apartamenti/luksozen-imot-37786-chetiristaen-apartament-za-prodajba-v-plovdiv.html,37786,продава,Luximmo,https://www.luximmo.bg/prodajba/bulgaria/oblast-plovdiv/plovdiv-luksozni-imoti/po-tip-apartamenti/index.html,2026-01-25T20:42:28.098190
203067 €,Тристаен апартамент,гр. Пловдив / кв. Остромила Пловдивска област / България,268.61 м,1,,https://www.luximmo.bg/bulgaria/oblast-plovdiv/plovdiv/luksozni-imoti-tristayni-apartamenti/luksozen-imot-36724-tristaen-apartament-za-prodajba-v-plovdiv.html,36724,продава,Luximmo,https://www.luximmo.bg/prodajba/bulgaria/oblast-plovdiv/plovdiv-luksozni-imoti/po-tip-apartamenti/index.html,2026-01-25T20:42:28.098958
183238 €,Тристаен апартамент,гр. Пловдив / кв. Христо Смирненски Пловдивска област / България,166.58 м,7,,https://www.luximmo.bg/bulgaria/oblast-plovdiv/plovdiv/luksozni-imoti-tristayni-apartamenti/luksozen-imot-39315-tristaen-apartament-za-prodajba-v-plovdiv.html,39315,продава,Luximmo,https://www.luximmo.bg/prodajba/bulgaria/oblast-plovdiv/plovdiv-luksozni-imoti/po-tip-apartamenti/index.html,2026-01-25T20:42:28.099642
234600 €,Двустаен апартамент,гр. Пловдив / кв. Център Пловдивска област / България,78.20 м,2,,https://www.luximmo.bg/bulgaria/oblast-plovdiv/plovdiv/luksozni-imoti-dvustayni-apartamenti/luksozen-imot-39264-dvustaen-apartament-za-prodajba-v-plovdiv.html,39264,продава,Luximmo,https://www.luximmo.bg/prodajba/bulgaria/oblast-plovdiv/plovdiv-luksozni-imoti/po-tip-apartamenti/index.html,2026-01-25T20:42:28.100275
372825 €,Тристаен апартамент,гр. Пловдив / кв. Каменица 1 Пловдивска област / България,128.56 м,2,,https://www.luximmo.bg/bulgaria/oblast-plovdiv/plovdiv/luksozni-imoti-tristayni-apartamenti/luksozen-imot-28703-tristaen-apartament-za-prodajba-v-plovdiv.html,28703,продава,Luximmo,https://www.luximmo.bg/prodajba/bulgaria/oblast-plovdiv/plovdiv-luksozni-imoti/po-tip-apartamenti/index.html,2026-01-25T20:42:28.101029
Цена при запитване,Тристаен апартамент,гр. Пловдив / кв. Христо Смирненски Пловдивска област / България,261.33 м,7,,https://www.luximmo.bg/bulgaria/oblast-plovdiv/plovdiv/luksozni-imoti-tristayni-apartamenti/luksozen-imot-37095-tristaen-apartament-za-prodajba-v-plovdiv.html,37095,продава,Luximmo,https://www.luximmo.bg/prodajba/bulgaria/oblast-plovdiv/plovdiv-luksozni-imoti/po-tip-apartamenti/index.html,2026-01-25T20:42:28.101789
132750 €,Тристаен апартамент,гр. Пловдив / кв. Център Пловдивска област / България,114.44 м,1,,https://www.luximmo.bg/bulgaria/oblast-plovdiv/plovdiv/luksozni-imoti-tristayni-apartamenti/luksozen-imot-34642-tristaen-apartament-za-prodajba-v-plovdiv.html,34642,продава,Luximmo,https://www.luximmo.bg/prodajba/bulgaria/oblast-plovdiv/plovdiv-luksozni-imoti/po-tip-apartamenti/index.html,2026-01-25T20:42:28.102642
Цена при запитване,Четиристаен апартамент,гр. Пловдив / кв. Христо Смирненски Пловдивска област / България,182.51 м,5,,https://www.luximmo.bg/bulgaria/oblast-plovdiv/plovdiv/luksozni-imoti-chetiristayni-apartamenti/luksozen-imot-46213-chetiristaen-apartament-za-prodajba-v-plovdiv.html,46213,продава,Luximmo,https://www.luximmo.bg/prodajba/bulgaria/oblast-plovdiv/plovdiv-luksozni-imoti/po-tip-apartamenti/index.html,2026-01-25T20:42:28.103373
Цена при запитване,Двустаен апартамент,гр. Пловдив / кв. Христо Смирненски Пловдивска област / България,68 м,3,,https://www.luximmo.bg/bulgaria/oblast-plovdiv/plovdiv/luksozni-imoti-dvustayni-apartamenti/luksozen-imot-45197-dvustaen-apartament-za-prodajba-v-plovdiv.html,45197,продава,Luximmo,https://www.luximmo.bg/prodajba/bulgaria/oblast-plovdiv/plovdiv-luksozni-imoti/po-tip-apartamenti/index.html,2026-01-25T20:42:28.104056
Цена при запитване,Едностаен апартамент,гр. Пловдив / кв. Остромила Пловдивска област / България,52.48 м,1,,https://www.luximmo.bg/bulgaria/oblast-plovdiv/plovdiv/luksozni-imoti-ednostayni-apartamenti/luksozen-imot-42947-ednostaen-apartament-za-prodajba-v-plovdiv.html,42947,продава,Luximmo,https://www.luximmo.bg/prodajba/bulgaria/oblast-plovdiv/plovdiv-luksozni-imoti/po-tip-apartamenti/index.html,2026-01-25T20:42:28.104836
Цена при запитване,Апартаменти ново строителство,гр. Пловдив / кв. Кършияка Пловдивска област / България,,,,https://www.luximmo.bg/bulgaria/oblast-plovdiv/plovdiv/luksozni-imoti-apartamenti/luksozen-imot-39317-apartamenti-za-prodajba-v-plovdiv.html,39317,продава,Luximmo,https://www.luximmo.bg/prodajba/bulgaria/oblast-plovdiv/plovdiv-luksozni-imoti/po-tip-apartamenti/index.html,2026-01-25T20:42:28.105599
208170 €,Апартаменти ново строителство,гр. Пловдив / кв. Кършияка Пловдивска област / България,,,,https://www.luximmo.bg/bulgaria/oblast-plovdiv/plovdiv/luksozni-imoti-apartamenti/luksozen-imot-42096-apartamenti-za-prodajba-v-plovdiv.html,42096,продава,Luximmo,https://www.luximmo.bg/prodajba/bulgaria/oblast-plovdiv/plovdiv-luksozni-imoti/po-tip-apartamenti/index.html,2026-01-25T20:42:28.106379
440367 €,Апартаменти ново строителство,гр. Пловдив / кв. Каменица 1 Пловдивска област / България,,,,https://www.luximmo.bg/bulgaria/oblast-plovdiv/plovdiv/luksozni-imoti-apartamenti/luksozen-imot-40850-apartamenti-za-prodajba-v-plovdiv.html,40850,продава,Luximmo,https://www.luximmo.bg/prodajba/bulgaria/oblast-plovdiv/plovdiv-luksozni-imoti/po-tip-apartamenti/index.html,2026-01-25T20:42:28.107091
322644 €,Апартаменти ново строителство,гр. Пловдив / кв. Христо Смирненски Пловдивска област / България,,,,https://www.luximmo.bg/bulgaria/oblast-plovdiv/plovdiv/luksozni-imoti-apartamenti/luksozen-imot-41933-apartamenti-za-prodajba-v-plovdiv.html,41933,продава,Luximmo,https://www.luximmo.bg/prodajba/bulgaria/oblast-plovdiv/plovdiv-luksozni-imoti/po-tip-apartamenti/index.html,2026-01-25T20:42:28.107874
417774 €,Апартаменти ново строителство,гр. Пловдив / кв. Център Пловдивска област / България,,,,https://www.luximmo.bg/bulgaria/oblast-plovdiv/plovdiv/luksozni-imoti-apartamenti/luksozen-imot-26275-apartamenti-za-prodajba-v-plovdiv.html,26275,продава,Luximmo,https://www.luximmo.bg/prodajba/bulgaria/oblast-plovdiv/plovdiv-luksozni-imoti/po-tip-apartamenti/index.html,2026-01-25T20:42:28.108620
400000 €,Апартаменти ново строителство,гр. Пловдив / кв. Кършияка Пловдивска област / България,,,,https://www.luximmo.bg/bulgaria/oblast-plovdiv/plovdiv/luksozni-imoti-apartamenti/luksozen-imot-40150-apartamenti-za-prodajba-v-plovdiv.html,40150,продава,Luximmo,https://www.luximmo.bg/prodajba/bulgaria/oblast-plovdiv/plovdiv-luksozni-imoti/po-tip-apartamenti/index.html,2026-01-25T20:42:28.109429
203067 €,Апартаменти ново строителство,гр. Пловдив / кв. Остромила Пловдивска област / България,,,,https://www.luximmo.bg/bulgaria/oblast-plovdiv/plovdiv/luksozni-imoti-apartamenti/luksozen-imot-35377-apartamenti-za-prodajba-v-plovdiv.html,35377,продава,Luximmo,https://www.luximmo.bg/prodajba/bulgaria/oblast-plovdiv/plovdiv-luksozni-imoti/po-tip-apartamenti/index.html,2026-01-25T20:42:28.110158
Цена при запитване,Апартаменти ново строителство,гр. Пловдив / кв. Христо Смирненски Пловдивска област / България,,,,https://www.luximmo.bg/bulgaria/oblast-plovdiv/plovdiv/luksozni-imoti-apartamenti/luksozen-imot-36458-apartamenti-za-prodajba-v-plovdiv.html,36458,продава,Luximmo,https://www.luximmo.bg/prodajba/bulgaria/oblast-plovdiv/plovdiv-luksozni-imoti/po-tip-apartamenti/index.html,2026-01-25T20:42:28.110882
391179 €,Апартаменти ново строителство,гр. Пловдив / кв. Христо Смирненски Пловдивска област / България,,,,https://www.luximmo.bg/bulgaria/oblast-plovdiv/plovdiv/luksozni-imoti-apartamenti/luksozen-imot-47434-apartamenti-za-prodajba-v-plovdiv.html,47434,продава,Luximmo,https://www.luximmo.bg/prodajba/bulgaria/oblast-plovdiv/plovdiv-luksozni-imoti/po-tip-apartamenti/index.html,2026-01-25T20:42:28.111595
296639 €,Апартаменти ново строителство,гр. Пловдив / кв. Христо Смирненски Пловдивска област / България,,,,https://www.luximmo.bg/bulgaria/oblast-plovdiv/plovdiv/luksozni-imoti-apartamenti/luksozen-imot-47219-apartamenti-za-prodajba-v-plovdiv.html,47219,продава,Luximmo,https://www.luximmo.bg/prodajba/bulgaria/oblast-plovdiv/plovdiv-luksozni-imoti/po-tip-apartamenti/index.html,2026-01-25T20:42:28.112314
500000 €,Апартаменти ново строителство,гр. Пловдив / кв. Кършияка Пловдивска област / България,,,,https://www.luximmo.bg/bulgaria/oblast-plovdiv/plovdiv/luksozni-imoti-apartamenti/luksozen-imot-47121-apartamenti-za-prodajba-v-plovdiv.html,47121,продава,Luximmo,https://www.luximmo.bg/prodajba/bulgaria/oblast-plovdiv/plovdiv-luksozni-imoti/po-tip-apartamenti/index.html,2026-01-25T20:42:28.113111
194087 €,Апартаменти ново строителство,гр. Пловдив / кв. Кючук Париж Пловдивска област / България,,,,https://www.luximmo.bg/bulgaria/oblast-plovdiv/plovdiv/luksozni-imoti-apartamenti/luksozen-imot-47076-apartamenti-za-prodajba-v-plovdiv.html,47076,продава,Luximmo,https://www.luximmo.bg/prodajba/bulgaria/oblast-plovdiv/plovdiv-luksozni-imoti/po-tip-apartamenti/index.html,2026-01-25T20:42:28.113826
299027 €,Апартаменти ново строителство,гр. Пловдив / кв. Христо Смирненски Пловдивска област / България,,,,https://www.luximmo.bg/bulgaria/oblast-plovdiv/plovdiv/luksozni-imoti-apartamenti/luksozen-imot-46435-apartamenti-za-prodajba-v-plovdiv.html,46435,продава,Luximmo,https://www.luximmo.bg/prodajba/bulgaria/oblast-plovdiv/plovdiv-luksozni-imoti/po-tip-apartamenti/index.html,2026-01-25T20:42:28.114591
223722 €,Апартаменти ново строителство,гр. Пловдив / кв. Христо Смирненски Пловдивска област / България,,,,https://www.luximmo.bg/bulgaria/oblast-plovdiv/plovdiv/luksozni-imoti-apartamenti/luksozen-imot-46245-apartamenti-za-prodajba-v-plovdiv.html,46245,продава,Luximmo,https://www.luximmo.bg/prodajba/bulgaria/oblast-plovdiv/plovdiv-luksozni-imoti/po-tip-apartamenti/index.html,2026-01-25T20:42:28.115343
324805 €,Апартаменти ново строителство,гр. Пловдив / кв. Каменица 2 Пловдивска област / България,,,,https://www.luximmo.bg/bulgaria/oblast-plovdiv/plovdiv/luksozni-imoti-apartamenti/luksozen-imot-46151-apartamenti-za-prodajba-v-plovdiv.html,46151,продава,Luximmo,https://www.luximmo.bg/prodajba/bulgaria/oblast-plovdiv/plovdiv-luksozni-imoti/po-tip-apartamenti/index.html,2026-01-25T20:42:31.326201
141000 €,Апартаменти ново строителство,гр. Пловдив / кв. Остромила Пловдивска област / България,,,,https://www.luximmo.bg/bulgaria/oblast-plovdiv/plovdiv/luksozni-imoti-apartamenti/luksozen-imot-45968-apartamenti-za-prodajba-v-plovdiv.html,45968,продава,Luximmo,https://www.luximmo.bg/prodajba/bulgaria/oblast-plovdiv/plovdiv-luksozni-imoti/po-tip-apartamenti/index.html,2026-01-25T20:42:31.326952
448567 €,Апартаменти ново строителство,гр. Пловдив / кв. Христо Смирненски Пловдивска област / България,,,,https://www.luximmo.bg/bulgaria/oblast-plovdiv/plovdiv/luksozni-imoti-apartamenti/luksozen-imot-44580-apartamenti-za-prodajba-v-plovdiv.html,44580,продава,Luximmo,https://www.luximmo.bg/prodajba/bulgaria/oblast-plovdiv/plovdiv-luksozni-imoti/po-tip-apartamenti/index.html,2026-01-25T20:42:31.327665
Цена при запитване,Апартаменти ново строителство,гр. Пловдив / кв. Остромила Пловдивска област / България,,,,https://www.luximmo.bg/bulgaria/oblast-plovdiv/plovdiv/luksozni-imoti-apartamenti/luksozen-imot-44287-apartamenti-za-prodajba-v-plovdiv.html,44287,продава,Luximmo,https://www.luximmo.bg/prodajba/bulgaria/oblast-plovdiv/plovdiv-luksozni-imoti/po-tip-apartamenti/index.html,2026-01-25T20:42:31.328356
Цена при запитване,Апартаменти ново строителство,гр. Пловдив / кв. Христо Смирненски Пловдивска област / България,,,,https://www.luximmo.bg/bulgaria/oblast-plovdiv/plovdiv/luksozni-imoti-apartamenti/luksozen-imot-44022-apartamenti-za-prodajba-v-plovdiv.html,44022,продава,Luximmo,https://www.luximmo.bg/prodajba/bulgaria/oblast-plovdiv/plovdiv-luksozni-imoti/po-tip-apartamenti/index.html,2026-01-25T20:42:31.328977
141858 €,Апартаменти ново строителство,гр. Пловдив / кв. Гагарин Пловдивска област / България,,,,https://www.luximmo.bg/bulgaria/oblast-plovdiv/plovdiv/luksozni-imoti-apartamenti/luksozen-imot-43726-apartamenti-za-prodajba-v-plovdiv.html,43726,продава,Luximmo,https://www.luximmo.bg/prodajba/bulgaria/oblast-plovdiv/plovdiv-luksozni-imoti/po-tip-apartamenti/index.html,2026-01-25T20:42:31.329697
331300 €,Апартаменти ново строителство,гр. Пловдив / кв. Център Пловдивска област / България,,,,https://www.luximmo.bg/bulgaria/oblast-plovdiv/plovdiv/luksozni-imoti-apartamenti/luksozen-imot-43534-apartamenti-za-prodajba-v-plovdiv.html,43534,продава,Luximmo,https://www.luximmo.bg/prodajba/bulgaria/oblast-plovdiv/plovdiv-luksozni-imoti/po-tip-apartamenti/index.html,2026-01-25T20:42:31.330496
320000 €,Апартаменти ново строителство,гр. Пловдив / кв. Кършияка Пловдивска област / България,,,,https://www.luximmo.bg/bulgaria/oblast-plovdiv/plovdiv/luksozni-imoti-apartamenti/luksozen-imot-42971-apartamenti-za-prodajba-v-plovdiv.html,42971,продава,Luximmo,https://www.luximmo.bg/prodajba/bulgaria/oblast-plovdiv/plovdiv-luksozni-imoti/po-tip-apartamenti/index.html,2026-01-25T20:42:31.331291
514750 €,Апартаменти ново строителство,гр. Пловдив / кв. Център Пловдивска област / България,,,,https://www.luximmo.bg/bulgaria/oblast-plovdiv/plovdiv/luksozni-imoti-apartamenti/luksozen-imot-42586-apartamenti-za-prodajba-v-plovdiv.html,42586,продава,Luximmo,https://www.luximmo.bg/prodajba/bulgaria/oblast-plovdiv/plovdiv-luksozni-imoti/po-tip-apartamenti/index.html,2026-01-25T20:42:31.332235
Цена при запитване,Апартаменти ново строителство,гр. Пловдив / кв. Христо Смирненски Пловдивска област / България,,,,https://www.luximmo.bg/bulgaria/oblast-plovdiv/plovdiv/luksozni-imoti-apartamenti/luksozen-imot-42317-apartamenti-za-prodajba-v-plovdiv.html,42317,продава,Luximmo,https://www.luximmo.bg/prodajba/bulgaria/oblast-plovdiv/plovdiv-luksozni-imoti/po-tip-apartamenti/index.html,2026-01-25T20:42:31.332879
Цена при запитване,Апартаменти ново строителство,гр. Пловдив / кв. Христо Смирненски Пловдивска област / България,,,,https://www.luximmo.bg/bulgaria/oblast-plovdiv/plovdiv/luksozni-imoti-apartamenti/luksozen-imot-40529-apartamenti-za-prodajba-v-plovdiv.html,40529,продава,Luximmo,https://www.luximmo.bg/prodajba/bulgaria/oblast-plovdiv/plovdiv-luksozni-imoti/po-tip-apartamenti/index.html,2026-01-25T20:42:31.333720
Цена при запитване,Апартаменти ново строителство,гр. Пловдив / кв. Остромила Пловдивска област / България,,,,https://www.luximmo.bg/bulgaria/oblast-plovdiv/plovdiv/luksozni-imoti-apartamenti/luksozen-imot-40219-apartamenti-za-prodajba-v-plovdiv.html,40219,продава,Luximmo,https://www.luximmo.bg/prodajba/bulgaria/oblast-plovdiv/plovdiv-luksozni-imoti/po-tip-apartamenti/index.html,2026-01-25T20:42:31.334443
340000 €,Апартаменти ново строителство,гр. Пловдив / кв. Христо Смирненски Пловдивска област / България,,,,https://www.luximmo.bg/bulgaria/oblast-plovdiv/plovdiv/luksozni-imoti-apartamenti/luksozen-imot-33317-apartamenti-za-prodajba-v-plovdiv.html,33317,продава,Luximmo,https://www.luximmo.bg/prodajba/bulgaria/oblast-plovdiv/plovdiv-luksozni-imoti/po-tip-apartamenti/index.html,2026-01-25T20:42:31.335151
570000 €,Апартаменти ново строителство,гр. Пловдив / кв. Кършияка Пловдивска област / България,,,,https://www.luximmo.bg/bulgaria/oblast-plovdiv/plovdiv/luksozni-imoti-apartamenti/luksozen-imot-37111-apartamenti-za-prodajba-v-plovdiv.html,37111,продава,Luximmo,https://www.luximmo.bg/prodajba/bulgaria/oblast-plovdiv/plovdiv-luksozni-imoti/po-tip-apartamenti/index.html,2026-01-25T20:42:31.335847
