site,search_url,details_url,price,original_currency,price_per_m2,city,neighborhood,offer_type,property_type,area,floor,total_floors,raw_title,raw_description,agency,agency_url,num_photos,ref_no,date_time_added,total_offers,fingerprint_hash
imotbg,https://www.imot.bg/obiavi/prodazhbi/grad-plovdiv/tsentar/chetiristaen?raioni=5982~5986~5988~5991~6360~,https://www.imot.bg/obiava-1d176277610765387-prodava-chetiristaen-apartament-grad-plovdiv-marasha-rayon-tsentralen,186000.0,EUR,1660.71,–ü–ª–æ–≤–¥–∏–≤,–ú–∞—Ä–∞—à–∞,–ø—Ä–æ–¥–∞–≤–∞,—á–µ—Ç–∏—Ä–∏—Å—Ç–∞–µ–Ω,112.0,2,4,–ü—Ä–æ–¥–∞–≤–∞ 4-–°–¢–ê–ï–ù,"112 –∫–≤.–º, –†–∞–π–æ–Ω –¶–µ–Ω—Ç—Ä–∞–ª–µ–Ω, 2-—Ä–∏ –µ—Ç. –æ—Ç 4, –í—ä–≤–µ–¥–µ–Ω –≤ –µ–∫—Å–ø–ª–æ–∞—Ç–∞—Ü–∏—è, üè† –ï–ö–°–ö–õ–£–ó–ò–í–ù–û –û–¢ PRIME CONSULT!  –ü—Ä–µ–¥–ª–∞–≥–∞–º–µ —á–µ—Ç–∏—Ä–∏—Å—Ç–∞–µ–Ω –∞–ø–∞—Ä—Ç–∞–º–µ–Ω—Ç, –∑–∞–µ–º–∞—â —Ü—è–ª –µ—Ç–∞–∂ –æ—Ç –∫—ä—â–∞, ..., —Ç–µ–ª.: 0887673111",–ü–†–ê–ô–ú –ö–û–ù–°–£–õ–¢,https://prime98.imot.bg,9.0,1,2026-02-05 18:16:38.226852,87,3023a46da4565a47af68b5ccb0af2210
imotbg,https://www.imot.bg/obiavi/prodazhbi/grad-plovdiv/tsentar/chetiristaen?raioni=5982~5986~5988~5991~6360~,https://www.imot.bg/obiava-1d176951742624881-prodava-chetiristaen-apartament-grad-plovdiv-tsentar,350000.0,EUR,2892.56,–ü–ª–æ–≤–¥–∏–≤,–¶–µ–Ω—Ç—ä—Ä,–ø—Ä–æ–¥–∞–≤–∞,—á–µ—Ç–∏—Ä–∏—Å—Ç–∞–µ–Ω,121.0,5,6,–ü—Ä–æ–¥–∞–≤–∞ 4-–°–¢–ê–ï–ù,"121 –∫–≤.–º, 5-—Ç–∏ –µ—Ç. –æ—Ç 6, –ë–ò–õ–î–ò–ù–ì –ë–û–ö–° –∏–º–∞ —É–¥–æ–≤–æ–ª—Å—Ç–≤–∏–µ—Ç–æ –¥–∞ –í–∏ –ø—Ä–µ–¥—Å—Ç–∞–≤–∏ —á–µ—Ç–∏—Ä–∏—Å—Ç–∞–µ–Ω –∞–ø–∞—Ä—Ç–∞–º–µ–Ω—Ç –∑–∞ –ø—Ä–æ–¥–∞–∂–±–∞ –≤ –¶–µ–Ω—Ç—ä—Ä–∞ –Ω–∞ –≥—Ä–∞–¥  ..., —Ç–µ–ª.: 0879900984",–ë–ò–õ–î–ò–ù–ì –ë–û–ö–°,https://buildingbox.imot.bg,11.0,1,2026-02-05 18:16:38.226852,87,d63fc68537bda3d1998a79bcb7f5dba3
imotbg,https://www.imot.bg/obiavi/prodazhbi/grad-plovdiv/tsentar/chetiristaen?raioni=5982~5986~5988~5991~6360~,https://www.imot.bg/obiava-1d176821208007057-prodava-chetiristaen-apartament-grad-plovdiv-tsentar,360000.0,EUR,2975.21,–ü–ª–æ–≤–¥–∏–≤,–¶–µ–Ω—Ç—ä—Ä,–ø—Ä–æ–¥–∞–≤–∞,—á–µ—Ç–∏—Ä–∏—Å—Ç–∞–µ–Ω,121.0,4,6,–ü—Ä–æ–¥–∞–≤–∞ 4-–°–¢–ê–ï–ù,"121 –∫–≤.–º, 4-—Ç–∏ –µ—Ç. –æ—Ç 6, –í—ä–≤–µ–¥–µ–Ω –≤ –µ–∫—Å–ø–ª–æ–∞—Ç–∞—Ü–∏—è, LUXIMMO FINEST ESTATES: www.luximmo.bg –ü—Ä–µ–¥—Å—Ç–∞–≤—è–º–µ —Å—Ç–∏–ª–µ–Ω –º–Ω–æ–≥–æ—Å—Ç–∞–µ–Ω –∞–ø–∞—Ä—Ç–∞–º–µ–Ω—Ç –≤ –∏–¥–µ–∞–ª–Ω–∏—è —Ü–µ–Ω—Ç—ä—Ä –Ω–∞ ..., —Ç–µ–ª.: 0882931568",–õ–£–ö–°–ò–ú–ú–û –ü–õ–û–í–î–ò–í,https://luximmoplovdiv.imot.bg,11.0,1,2026-02-05 18:16:38.226852,87,6f42e904201308e6f00bdd0621d26908
imotbg,https://www.imot.bg/obiavi/prodazhbi/grad-plovdiv/tsentar/chetiristaen?raioni=5982~5986~5988~5991~6360~,https://www.imot.bg/obiava-1d176354518274753-prodava-chetiristaen-apartament-grad-plovdiv-marasha-r-t-stadiona,170000.0,EUR,2000.0,–ü–ª–æ–≤–¥–∏–≤,–ú–∞—Ä–∞—à–∞,–ø—Ä–æ–¥–∞–≤–∞,—á–µ—Ç–∏—Ä–∏—Å—Ç–∞–µ–Ω,85.0,4,6,–ü—Ä–æ–¥–∞–≤–∞ 4-–°–¢–ê–ï–ù,"85 –∫–≤.–º, —Ä-—Ç –°—Ç–∞–¥–∏–æ–Ω–∞, 4-—Ç–∏ –µ—Ç. –æ—Ç 6, –í—ä–≤–µ–¥–µ–Ω –≤ –µ–∫—Å–ø–ª–æ–∞—Ç–∞—Ü–∏—è 1960 - 1969 –≥., –ú–û–ù–û–õ–ò–¢–ï–ù –ê–ü–ê–†–¢–ê–ú–ï–ù–¢ –° 4 –°–¢–ê–ò –î–û –†–ï–°–¢–û–†–ê–ù–¢ –°–¢–ê–î–ò–û–ù–ê  –¢–û–ü –ú–Ø–°–¢–û, –í–™–ó–ú–û–ñ–ù–û –ü–†–ï–£–°–¢–†–û–ô–°–¢–í–û –° –¢–†–ò –°–ü–ê–õ–ù–ò  ..., —Ç–µ–ª.: 0889992848",–ï–õ–ï–ú–ï–ù–¢,https://element.imot.bg,6.0,1,2026-02-05 18:16:38.226852,87,09a750aa7e4b23c62da3d7f363e5bb5c
imotbg,https://www.imot.bg/obiavi/prodazhbi/grad-plovdiv/tsentar/chetiristaen?raioni=5982~5986~5988~5991~6360~,https://www.imot.bg/obiava-1d177006896099463-prodava-chetiristaen-apartament-grad-plovdiv-mladezhki-halm,350000.0,EUR,2734.38,–ü–ª–æ–≤–¥–∏–≤,–ú–ª–∞–¥–µ–∂–∫–∏ —Ö—ä–ª–º,–ø—Ä–æ–¥–∞–≤–∞,—á–µ—Ç–∏—Ä–∏—Å—Ç–∞–µ–Ω,128.0,,,–ü—Ä–æ–¥–∞–≤–∞ 4-–°–¢–ê–ï–ù,"128 –∫–≤.–º, –õ–æ–∫.–æ—Ç–æ–ø–ª., 2023 –≥., –ü—Ä–µ–¥–ª–∞–≥–∞–º–µ —Ñ—É–Ω–∫—Ü–∏–æ–Ω–∞–ª–µ–Ω –∏ —Å–≤–µ—Ç—ä–ª –∞–ø–∞—Ä—Ç–∞–º–µ–Ω—Ç —Å —Ç—Ä–∏ —Å–ø–∞–ª–Ω–∏, —Å—ä–∑–¥–∞–¥–µ–Ω –∑–∞ —Ö–æ—Ä–∞, –∫–æ–∏—Ç–æ —Ç—ä—Ä—Å—è—Ç –ø–æ–≤–µ—á–µ –æ—Ç –ø ..., —Ç–µ–ª.: 0892550333",–Ø–í–õ–ï–ù–ê - –û–§–ò–° –ü–õ–û–í–î–ò–í,https://yavlena_plovdiv1.imot.bg,11.0,1,2026-02-05 18:16:38.226852,87,b9314297837ac20776c4485d846ae2a7
imotbg,https://www.imot.bg/obiavi/prodazhbi/grad-plovdiv/tsentar/chetiristaen?raioni=5982~5986~5988~5991~6360~,https://www.imot.bg/obiava-1d176953580251112-prodava-chetiristaen-apartament-grad-plovdiv-tsentar,187999.0,EUR,2473.67,–ü–ª–æ–≤–¥–∏–≤,–¶–µ–Ω—Ç—ä—Ä,–ø—Ä–æ–¥–∞–≤–∞,—á–µ—Ç–∏—Ä–∏—Å—Ç–∞–µ–Ω,76.0,4,5,–ü—Ä–æ–¥–∞–≤–∞ 4-–°–¢–ê–ï–ù,"76 –∫–≤.–º, 4-—Ç–∏ –µ—Ç. –æ—Ç 5, –í—ä–≤–µ–¥–µ–Ω –≤ –µ–∫—Å–ø–ª–æ–∞—Ç–∞—Ü–∏—è 1980 - 1989 –≥., –ü—Ä–µ–¥–ª–∞–≥–∞–º–µ –∑–∞ –ø—Ä–æ–¥–∞–∂–±–∞ —á–µ—Ç–∏—Ä–∏—Å—Ç–∞–µ–Ω –∞–ø–∞—Ä—Ç–∞–º–µ–Ω—Ç –≤ —Å—ä—Ä—Ü–µ—Ç–æ –Ω–∞ –≥—Ä. –ü–ª–æ–≤–¥–∏–≤ - –∑–∞–¥ —Ö–æ—Ç–µ–ª –•–∏–ª—Ç—ä–Ω. –ó–∞—Å—Ç—Ä–æ–µ–Ω–∞ ..., —Ç–µ–ª.: 0879332276",–ò–ú–û–¢–ò –ú–ï–†–î–ñ–ê–ù–û–í–ê,https://merdjanoff19.imot.bg,14.0,1,2026-02-05 18:16:38.226852,87,4efe68e256185135d7e8eedded99db92
imotbg,https://www.imot.bg/obiavi/prodazhbi/grad-plovdiv/tsentar/chetiristaen?raioni=5982~5986~5988~5991~6360~,https://www.imot.bg/obiava-1d175283810457545-prodava-chetiristaen-apartament-grad-plovdiv-tsentar-toro-grande,205000.0,EUR,2180.85,–ü–ª–æ–≤–¥–∏–≤,–¶–µ–Ω—Ç—ä—Ä,–ø—Ä–æ–¥–∞–≤–∞,—á–µ—Ç–∏—Ä–∏—Å—Ç–∞–µ–Ω,94.0,7,8,–ü—Ä–æ–¥–∞–≤–∞ 4-–°–¢–ê–ï–ù,"94 –∫–≤.–º, –¢–æ—Ä–æ –ì—Ä–∞–Ω–¥–µ, 7-–º–∏ –µ—Ç. –æ—Ç 8, –í—ä–≤–µ–¥–µ–Ω –≤ –µ–∫—Å–ø–ª–æ–∞—Ç–∞—Ü–∏—è 1980 - 1989 –≥., –ü—Ä–æ–¥–∞–≤–∞ —Å–µ –∞–ø–∞—Ä—Ç–∞–º–µ–Ω—Ç –≤ —Ç—É—Ö–ª–µ–Ω–∞ —Å–≥—Ä–∞–¥–∞, —Å—ä—Å—Ç–æ—è—â —Å–µ –æ—Ç –¥–≤–µ —Å–ø–∞–ª–Ω–∏, —Ö–æ–ª, —Ç—Ä–∞–ø–µ–∑–∞—Ä–∏—è, –≥–æ—Ç–≤–∞—Ä–Ω–∞, –±–∞–Ω—è, —Ç ..., —Ç–µ–ª.: 0887738582",–°–™–ù –°–ò–¢–ò-–ü–õ–û–í–î–ò–í,https://suncity.imot.bg,15.0,1,2026-02-05 18:16:38.226852,87,175511f53e7fcfa4f4ae34500652be6b
imotbg,https://www.imot.bg/obiavi/prodazhbi/grad-plovdiv/tsentar/chetiristaen?raioni=5982~5986~5988~5991~6360~,https://www.imot.bg/obiava-1d175930343656704-prodava-chetiristaen-apartament-grad-plovdiv-tsentar,287000.0,EUR,2333.33,–ü–ª–æ–≤–¥–∏–≤,–¶–µ–Ω—Ç—ä—Ä,–ø—Ä–æ–¥–∞–≤–∞,—á–µ—Ç–∏—Ä–∏—Å—Ç–∞–µ–Ω,123.0,2,3,–ü—Ä–æ–¥–∞–≤–∞ 4-–°–¢–ê–ï–ù,"123 –∫–≤.–º, 2-—Ä–∏ –µ—Ç. –æ—Ç 3, –í—ä–≤–µ–¥–µ–Ω –≤ –µ–∫—Å–ø–ª–æ–∞—Ç–∞—Ü–∏—è, üè° –ú–Ω–æ–≥–æ—Å—Ç–∞–µ–Ω –∞–ø–∞—Ä—Ç–∞–º–µ–Ω—Ç —Å 3 —Å–ø–∞–ª–Ω–∏   –¶–µ–Ω—Ç—ä—Ä, —É–ª. –í–æ–ª–≥–∞ / –ë—É–Ω–∞—Ä–¥–∂–∏–∫–∞  –ü—Ä–µ–¥–ª–∞–≥–∞–º–µ –ø—Ä–æ—Å—Ç–æ—Ä–µ–Ω –º–Ω ..., —Ç–µ–ª.: 0887673111",–ü–†–ê–ô–ú –ö–û–ù–°–£–õ–¢,https://prime98.imot.bg,11.0,1,2026-02-05 18:16:38.226852,87,1201488660f05ebf2fcf6be2b79e1d45
imotbg,https://www.imot.bg/obiavi/prodazhbi/grad-plovdiv/tsentar/chetiristaen?raioni=5982~5986~5988~5991~6360~,https://www.imot.bg/obiava-1d175579633895717-prodava-chetiristaen-apartament-grad-plovdiv-tsentar-granda,322500.0,EUR,2150.0,–ü–ª–æ–≤–¥–∏–≤,–¶–µ–Ω—Ç—ä—Ä,–ø—Ä–æ–¥–∞–≤–∞,—á–µ—Ç–∏—Ä–∏—Å—Ç–∞–µ–Ω,150.0,6,6,–ü—Ä–æ–¥–∞–≤–∞ 4-–°–¢–ê–ï–ù,"150 –∫–≤.–º, –ì—Ä–∞–Ω–¥–∞, 6-—Ç–∏ –µ—Ç. –æ—Ç 6, –©–µ –±—ä–¥–µ –≤—ä–≤–µ–¥–µ–Ω –≤ –µ–∫—Å–ø–ª–æ–∞—Ç–∞—Ü–∏—è 2026 –≥., –ê–¢–†–ê–ö–¢–ò–í–ù–û!!! –ò–º–æ—Ç—ä—Ç —Å–µ –Ω–∞–º–∏—Ä–∞ –≤ —Ä–∞–π–æ–Ω–∞ –Ω–∞ –ì—Ä–∞–Ω–¥-–∞, –º—è—Å—Ç–æ, –ø–æ–¥—Ö–æ–¥—è—â–æ –∫–∞–∫—Ç–æ –∑–∞ –∂–∏–≤–µ–µ–Ω–µ, —Ç–∞–∫–∞ –∏ –∑–∞ –∏–Ω–≤ ..., —Ç–µ–ª.: 0988746233",–ù–î –ò–ú–û–¢–ö–û–ù–°–£–õ–¢,https://ndimotconsult.imot.bg,2.0,1,2026-02-05 18:16:38.226852,87,ff17a395bf5dca960cbfe4c8a5825be6
imotbg,https://www.imot.bg/obiavi/prodazhbi/grad-plovdiv/tsentar/chetiristaen?raioni=5982~5986~5988~5991~6360~,https://www.imot.bg/obiava-1d175040588190572-prodava-chetiristaen-apartament-grad-plovdiv-tsentar-rusin-mahala,340000.0,EUR,1700.0,–ü–ª–æ–≤–¥–∏–≤,–¶–µ–Ω—Ç—ä—Ä,–ø—Ä–æ–¥–∞–≤–∞,—á–µ—Ç–∏—Ä–∏—Å—Ç–∞–µ–Ω,200.0,2,3,–ü—Ä–æ–¥–∞–≤–∞ 4-–°–¢–ê–ï–ù,"200 –∫–≤.–º, –†—É—Å–∏–Ω –º–∞—Ö–∞–ª–∞, 2-—Ä–∏ –µ—Ç. –æ—Ç 3, –í—ä–≤–µ–¥–µ–Ω –≤ –µ–∫—Å–ø–ª–æ–∞—Ç–∞—Ü–∏—è, –ò–º–æ—Ç—ä—Ç —Å–µ   –Ω–∞–º–∏—Ä–∞ –≤ –µ–¥–∏–Ω –æ—Ç –Ω–∞–π-–ø—Ä–µ–¥–ø–æ—á–∏—Ç–∞–Ω–∏—Ç–µ —Ü–µ–Ω—Ç—Ä–∞–ª–Ω–∏ —Ä–∞–π–æ–Ω–∏   –Ω–∞ –≥—Ä–∞–¥ –ü–ª–æ–≤–¥–∏–≤ - –†—É—Å–∏–Ω –º–∞—Ö–∞–ª–∞ .–õ ..., —Ç–µ–ª.: 0988757390",–£–ù–ò–°–¢–†–û–ô 33 –ï–û–û–î,https://unistroy33.imot.bg,6.0,1,2026-02-05 18:16:38.226852,87,bf9753fbbb23e6c10c5154ad569d209f
imotbg,https://www.imot.bg/obiavi/prodazhbi/grad-plovdiv/tsentar/chetiristaen?raioni=5982~5986~5988~5991~6360~,https://www.imot.bg/obiava-1d176874275946931-prodava-chetiristaen-apartament-grad-plovdiv-tsentar-idealen-tsentar,610000.0,EUR,2563.03,–ü–ª–æ–≤–¥–∏–≤,–¶–µ–Ω—Ç—ä—Ä,–ø—Ä–æ–¥–∞–≤–∞,—á–µ—Ç–∏—Ä–∏—Å—Ç–∞–µ–Ω,238.0,5,6,–ü—Ä–æ–¥–∞–≤–∞ 4-–°–¢–ê–ï–ù,"238 –∫–≤.–º, –ò–¥–µ–∞–ª–µ–Ω –¶–µ–Ω—Ç—ä—Ä, 5-—Ç–∏ –µ—Ç. –æ—Ç 6, –í—ä–≤–µ–¥–µ–Ω –≤ –µ–∫—Å–ø–ª–æ–∞—Ç–∞—Ü–∏—è 2019 –≥., NL Consult Real Estate –ø—Ä–µ–¥—Å—Ç–∞–≤—è –Ω–∞ –≤–Ω–∏–º–∞–Ω–∏–µ—Ç–æ –í–∏ –∑–∞ –ø–æ–∫—É–ø–∫–∞  –ü—Ä–æ—Å—Ç–æ—Ä–µ–Ω —á–µ—Ç–∏—Ä–∏—Å—Ç–∞–µ–Ω –∞–ø–∞—Ä—Ç–∞–º–µ–Ω—Ç, —Ä–∞–∑–ø ..., —Ç–µ–ª.: 0888962441",–ï–ù –ï–õ  –ö–û–ù–°–£–õ–¢ –†–ò–™–õ –ï–°–¢–ï–ô–¢,https://nlconsult.imot.bg,8.0,1,2026-02-05 18:16:38.226852,87,451d77e1f142b6cb475ffcff51c90dd3
imotbg,https://www.imot.bg/obiavi/prodazhbi/grad-plovdiv/tsentar/chetiristaen?raioni=5982~5986~5988~5991~6360~,https://www.imot.bg/obiava-1d173469911244440-prodava-chetiristaen-apartament-grad-plovdiv-kamenitsa-1,158000.0,EUR,1663.16,–ü–ª–æ–≤–¥–∏–≤,–ö–∞–º–µ–Ω–∏—Ü–∞ 1,–ø—Ä–æ–¥–∞–≤–∞,—á–µ—Ç–∏—Ä–∏—Å—Ç–∞–µ–Ω,95.0,8,8,–ü—Ä–æ–¥–∞–≤–∞ 4-–°–¢–ê–ï–ù,"95 –∫–≤.–º, 8-–º–∏ –µ—Ç. –æ—Ç 8, –í—ä–≤–µ–¥–µ–Ω –≤ –µ–∫—Å–ø–ª–æ–∞—Ç–∞—Ü–∏—è, –ê–≥–µ–Ω—Ü–∏—è '21 –≤–µ–∫ –Ω–µ–¥–≤–∏–∂–∏–º–∏ –∏–º–æ—Ç–∏' –ø—Ä–æ–¥–∞–≤–∞ –≥–æ–ª—è–º,—á–µ—Ç–∏—Ä–∏—Å—Ç–∞–µ–Ω –∞–ø–∞—Ä—Ç–∞–º–µ–Ω—Ç —Å —Ä–µ–∞–ª–Ω–∞ –∫–≤–∞–¥—Ä–∞—Ç—É—Ä–∞  –∏ —Å—ä—Å —Å–ª–µ ..., —Ç–µ–ª.: 0898774425",21 –í–ï–ö,https://vek21.imot.bg,12.0,1,2026-02-05 18:16:38.226852,87,f751da64a7d651431b4a091af793a74a
imotbg,https://www.imot.bg/obiavi/prodazhbi/grad-plovdiv/tsentar/chetiristaen?raioni=5982~5986~5988~5991~6360~,https://www.imot.bg/obiava-1d174731934430646-prodava-chetiristaen-apartament-grad-plovdiv-kamenitsa-1,164000.0,EUR,1623.76,–ü–ª–æ–≤–¥–∏–≤,–ö–∞–º–µ–Ω–∏—Ü–∞ 1,–ø—Ä–æ–¥–∞–≤–∞,—á–µ—Ç–∏—Ä–∏—Å—Ç–∞–µ–Ω,101.0,6,7,–ü—Ä–æ–¥–∞–≤–∞ 4-–°–¢–ê–ï–ù,"101 –∫–≤.–º, 6-—Ç–∏ –µ—Ç. –æ—Ç 7, –í—ä–≤–µ–¥–µ–Ω –≤ –µ–∫—Å–ø–ª–æ–∞—Ç–∞—Ü–∏—è 1980 - 1989 –≥., üè¢ –ß–µ—Ç–∏—Ä–∏—Å—Ç–∞–µ–Ω –ø–∞–Ω–µ–ª–µ–Ω –∞–ø–∞—Ä—Ç–∞–º–µ–Ω—Ç –≤ –ö–∞–º–µ–Ω–∏—Ü–∞ 1 –¥–æ —Ä-—Ç –¢–æ—Ä—Ä–æ –ì—Ä–∞–Ω–¥–µ –û—Ñ–µ—Ä—Ç–∞ 22663 üí∂ –¶–µ–Ω ..., —Ç–µ–ª.: 0892718178",–ê–í–ò–†–ï–ö–° –ù–ï–î–í–ò–ñ–ò–ú–ò –ò–ú–û–¢–ò,https://avirexplovdiv.imot.bg,9.0,1,2026-02-05 18:16:38.226852,87,65cd80986f05e6bf1991dd5c5e82f7c7
imotbg,https://www.imot.bg/obiavi/prodazhbi/grad-plovdiv/tsentar/chetiristaen?raioni=5982~5986~5988~5991~6360~,https://www.imot.bg/obiava-1d176907606431539-prodava-chetiristaen-apartament-grad-plovdiv-kamenitsa-1,199990.0,EUR,1754.3,–ü–ª–æ–≤–¥–∏–≤,–ö–∞–º–µ–Ω–∏—Ü–∞ 1,–ø—Ä–æ–¥–∞–≤–∞,—á–µ—Ç–∏—Ä–∏—Å—Ç–∞–µ–Ω,114.0,5,6,–ü—Ä–æ–¥–∞–≤–∞ 4-–°–¢–ê–ï–ù,"114 –∫–≤.–º, 5-—Ç–∏ –µ—Ç. –æ—Ç 6, –í—ä–≤–µ–¥–µ–Ω –≤ –µ–∫—Å–ø–ª–æ–∞—Ç–∞—Ü–∏—è 1998 –≥., üè° –û–§–ï–†–¢–ê  13827 –ê–≥–µ–Ω—Ü–∏—è Estate Shop —Å —É–¥–æ–≤–æ–ª—Å—Ç–≤–∏–µ –ø—Ä–µ–¥—Å—Ç–∞–≤—è:  ‚ú® –ß–ï–¢–ò–†–ò–°–¢–ê–ï–ù –ê–ü–ê–†–¢–ê–ú–ï–ù ..., —Ç–µ–ª.: 0886193365",–ï–°–¢–ï–ô–¢ –®–û–ü,https://estateshop22.imot.bg,14.0,1,2026-02-05 18:16:38.226852,87,fac11f2a661f9d36030969d3e5f2c749
imotbg,https://www.imot.bg/obiavi/prodazhbi/grad-plovdiv/tsentar/chetiristaen?raioni=5982~5986~5988~5991~6360~,https://www.imot.bg/obiava-1d173139585186738-prodava-chetiristaen-apartament-grad-plovdiv-kamenitsa-1,205000.0,EUR,2180.85,–ü–ª–æ–≤–¥–∏–≤,–ö–∞–º–µ–Ω–∏—Ü–∞ 1,–ø—Ä–æ–¥–∞–≤–∞,—á–µ—Ç–∏—Ä–∏—Å—Ç–∞–µ–Ω,94.0,6,8,–ü—Ä–æ–¥–∞–≤–∞ 4-–°–¢–ê–ï–ù,"94 –∫–≤.–º, 6-—Ç–∏ –µ—Ç. –æ—Ç 8, 1970 - 1979 –≥., –ß–ï–¢–ò–†–ò–°–¢–ê–ï–ù ! –ö–ê–ú–ï–ù–ò–¶–ê 1 ! –¢–û–ü –õ–û–ö–ê–¶–ò–Ø !  –ü—Ä–µ–¥—Å—Ç–∞–≤—è–º–µ –Ω–∞ –í–∞—à–µ—Ç–æ –≤–Ω–∏–º–∞–Ω–∏–µ , —á–µ—Ç–∏—Ä–∏—Å—Ç–∞–µ–Ω –∞–ø–∞—Ä—Ç–∞–º–µ–Ω—Ç ,  ..., —Ç–µ–ª.: 0876606117",–ù–Æ –•–û–£–ú –õ–ò–í–ò–ù–ì –ï–û–û–î,https://newhome20.imot.bg,7.0,1,2026-02-05 18:16:38.226852,87,175511f53e7fcfa4f4ae34500652be6b
imotbg,https://www.imot.bg/obiavi/prodazhbi/grad-plovdiv/tsentar/chetiristaen?raioni=5982~5986~5988~5991~6360~,https://www.imot.bg/obiava-1d175923556753962-prodava-chetiristaen-apartament-grad-plovdiv-kamenitsa-1,224400.0,EUR,1968.42,–ü–ª–æ–≤–¥–∏–≤,–ö–∞–º–µ–Ω–∏—Ü–∞ 1,–ø—Ä–æ–¥–∞–≤–∞,—á–µ—Ç–∏—Ä–∏—Å—Ç–∞–µ–Ω,114.0,5,6,–ü—Ä–æ–¥–∞–≤–∞ 4-–°–¢–ê–ï–ù,"114 –∫–≤.–º, 5-—Ç–∏ –µ—Ç. –æ—Ç 6, 1998 –≥., (–û–§–ï–†–¢–ê-8889) –ê–ö–†–û–ù–ê –ò–ú–û–¢–ò 4-—Å—Ç–∞–µ–Ω –∞–ø–∞—Ä—Ç–∞–º–µ–Ω—Ç –∑–∞ –ø—Ä–æ–¥–∞–∂–±–∞ –≤ –ü–ª–æ–≤–¥–∏–≤, –∫–≤. –ö–∞–º–µ–Ω–∏—Ü–∞ 1   –æ—Ç–ª–∏—á–µ–Ω —Å–µ–º–µ–µ–Ω ..., —Ç–µ–ª.: 0897650416",–ê–ö–†–û–ù–ê –ù–ï–î–í–ò–ñ–ò–ú–ò –ò–ú–û–¢–ò,https://acrona.imot.bg,10.0,1,2026-02-05 18:16:38.226852,87,6d0f0dab3c6af26fe2a99528db2bac87
imotbg,https://www.imot.bg/obiavi/prodazhbi/grad-plovdiv/tsentar/chetiristaen?raioni=5982~5986~5988~5991~6360~,https://www.imot.bg/obiava-1d175759827434557-prodava-chetiristaen-apartament-grad-plovdiv-kamenitsa-1,279900.0,EUR,2799.0,–ü–ª–æ–≤–¥–∏–≤,–ö–∞–º–µ–Ω–∏—Ü–∞ 1,–ø—Ä–æ–¥–∞–≤–∞,—á–µ—Ç–∏—Ä–∏—Å—Ç–∞–µ–Ω,100.0,2,6,–ü—Ä–æ–¥–∞–≤–∞ 4-–°–¢–ê–ï–ù,"100 –∫–≤.–º, 2-—Ä–∏ –µ—Ç. –æ—Ç 6, –í—ä–≤–µ–¥–µ–Ω –≤ –µ–∫—Å–ø–ª–æ–∞—Ç–∞—Ü–∏—è 1970 - 1979 –≥., –¢–†–ò –°–ü–ê–õ–ù–ò!! –¶–ï–ù–¢–†–ê–õ–ù–ê –õ–û–ö–ê–¶–ò–Ø!! –ü—Ä–µ–¥—Å—Ç–∞–≤—è–º–µ –Ω–∞ –í–∞—à–µ—Ç–æ –≤–Ω–∏–º–∞–Ω–∏–µ –ø—Ä–æ—Å—Ç–æ—Ä–µ–Ω —á–µ—Ç–∏—Ä–∏—Å—Ç–∞–µ–Ω –∞–ø–∞—Ä—Ç–∞–º–µ–Ω—Ç, —Ä–∞ ..., —Ç–µ–ª.: 0875363330",–•–û–£–ú –¢–£ –Æ,https://home2u5.imot.bg,17.0,1,2026-02-05 18:16:38.226852,87,c61aa72fab17f5f7b6c5e95684d91e02
imotbg,https://www.imot.bg/obiavi/prodazhbi/grad-plovdiv/tsentar/chetiristaen?raioni=5982~5986~5988~5991~6360~,https://www.imot.bg/obiava-1d176518797670875-prodava-chetiristaen-apartament-grad-plovdiv-kamenitsa-1,340000.0,EUR,3090.91,–ü–ª–æ–≤–¥–∏–≤,–ö–∞–º–µ–Ω–∏—Ü–∞ 1,–ø—Ä–æ–¥–∞–≤–∞,—á–µ—Ç–∏—Ä–∏—Å—Ç–∞–µ–Ω,110.0,2,5,–ü—Ä–æ–¥–∞–≤–∞ 4-–°–¢–ê–ï–ù,"110 –∫–≤.–º, 2-—Ä–∏ –µ—Ç. –æ—Ç 5, –í—ä–≤–µ–¥–µ–Ω –≤ –µ–∫—Å–ø–ª–æ–∞—Ç–∞—Ü–∏—è 1970 - 1979 –≥., ARCO REAL ESTATE –ø—Ä–æ–¥–∞–≤–∞ –ø—Ä–æ—Å—Ç–æ—Ä–µ–Ω –∏ —Å–≤–µ—Ç—ä–ª 4-—Å—Ç–∞–µ–Ω –∞–ø–∞—Ä—Ç–∞–º–µ–Ω—Ç –≤ –ü–ª–æ–≤–¥–∏–≤, –∫–≤. –ö–∞–º–µ–Ω–∏—Ü–∞ 1.   –ê–∫–æ –∏—Å–∫–∞ ..., —Ç–µ–ª.: 0876208274",–ê–†–ö–û –†–ò–™–õ –ï–°–¢–ï–ô–¢ –ü–õ–û–í–î–ò–í,https://arcoplovdiv.imot.bg,6.0,1,2026-02-05 18:16:38.226852,87,f15a44a4a171b150067b5ffe63a0e66d
imotbg,https://www.imot.bg/obiavi/prodazhbi/grad-plovdiv/tsentar/chetiristaen?raioni=5982~5986~5988~5991~6360~,https://www.imot.bg/obiava-1d176908348329485-prodava-chetiristaen-apartament-grad-plovdiv-kamenitsa-1,347000.0,EUR,3154.55,–ü–ª–æ–≤–¥–∏–≤,–ö–∞–º–µ–Ω–∏—Ü–∞ 1,–ø—Ä–æ–¥–∞–≤–∞,—á–µ—Ç–∏—Ä–∏—Å—Ç–∞–µ–Ω,110.0,2,6,–ü—Ä–æ–¥–∞–≤–∞ 4-–°–¢–ê–ï–ù,"110 –∫–≤.–º, 2-—Ä–∏ –µ—Ç. –æ—Ç 6, –õ–æ–∫.–æ—Ç–æ–ø–ª., –í—ä–≤–µ–¥–µ–Ω –≤ –µ–∫—Å–ø–ª–æ–∞—Ç–∞—Ü–∏—è 2023 –≥., –æ—Ñ–µ—Ä—Ç–∞ –Ω–æ–º–µ—Ä 1646 –ß–µ—Ç–∏—Ä–∏—Å—Ç–∞–µ–Ω –∞–ø–∞—Ä—Ç–∞–º–µ–Ω—Ç –≤ –∫–≤. –ö–∞–º–µ–Ω–∏—Ü–∞ 1   –Ω–∞–ø—ä–ª–Ω–æ –æ–±–∑–∞–≤–µ–¥–µ–Ω –∏ –≥–æ—Ç–æ–≤ –∑–∞ –Ω–∞–Ω–∞—Å—è–Ω–µ! & ..., —Ç–µ–ª.: 0888844499",–ë–ò–ú –ò–ú–û–¢–ò,https://bim01.imot.bg,10.0,1,2026-02-05 18:16:38.226852,87,d8b009df782cf1ce6c38e613879ded07
imotbg,https://www.imot.bg/obiavi/prodazhbi/grad-plovdiv/tsentar/chetiristaen?raioni=5982~5986~5988~5991~6360~,https://www.imot.bg/obiava-1d176492263158055-prodava-chetiristaen-apartament-grad-plovdiv-kamenitsa-1,394760.0,EUR,1993.74,–ü–ª–æ–≤–¥–∏–≤,–ö–∞–º–µ–Ω–∏—Ü–∞ 1,–ø—Ä–æ–¥–∞–≤–∞,—á–µ—Ç–∏—Ä–∏—Å—Ç–∞–µ–Ω,198.0,7,7,–ü—Ä–æ–¥–∞–≤–∞ 4-–°–¢–ê–ï–ù,"198 –∫–≤.–º, 7-–º–∏ –µ—Ç. –æ—Ç 7, –©–µ –±—ä–¥–µ –≤—ä–≤–µ–¥–µ–Ω –≤ –µ–∫—Å–ø–ª–æ–∞—Ç–∞—Ü–∏—è 2025 –≥., –£–ù–ò–ö–ê–õ–ï–ù –ú–ù–û–ì–û–°–¢–ê–ï–ù –° –ì–û–õ–Ø–ú–ê –¢–ï–†–ê–°–ê –í –ë–£–¢–ò–ö–û–í–ê –°–ì–†–ê–î–ê!  üìç–º–Ω–æ–≥–æ—Å—Ç–∞–µ–Ω –∞–ø–∞—Ä—Ç–∞–º–µ–Ω—Ç —Å –æ–±—â–∞ –ø–ª–æ—â –æ ..., —Ç–µ–ª.: 0896878933",–¢–†–ò–í–ò–£–ú –ï–°–¢–ï–ô–¢,https://trivium.imot.bg,2.0,1,2026-02-05 18:16:38.226852,87,16638a5846b7536b109925ba5f2160ea
imotbg,https://www.imot.bg/obiavi/prodazhbi/grad-plovdiv/tsentar/chetiristaen?raioni=5982~5986~5988~5991~6360~,https://www.imot.bg/obiava-1d175455660148884-prodava-chetiristaen-apartament-grad-plovdiv-kamenitsa-1,394760.0,EUR,1993.74,–ü–ª–æ–≤–¥–∏–≤,–ö–∞–º–µ–Ω–∏—Ü–∞ 1,–ø—Ä–æ–¥–∞–≤–∞,—á–µ—Ç–∏—Ä–∏—Å—Ç–∞–µ–Ω,198.0,7,7,–ü—Ä–æ–¥–∞–≤–∞ 4-–°–¢–ê–ï–ù,"198 –∫–≤.–º, 7-–º–∏ –µ—Ç. –æ—Ç 7, –í—ä–≤–µ–¥–µ–Ω –≤ –µ–∫—Å–ø–ª–æ–∞—Ç–∞—Ü–∏—è 2025 –≥., –£–ù–ò–ö–ê–õ–ï–ù –ú–ù–û–ì–û–°–¢–ê–ï–ù –° –ì–û–õ–Ø–ú–ê –¢–ï–†–ê–°–ê –í –ë–£–¢–ò–ö–û–í–ê –°–ì–†–ê–î–ê!  üìç–º–Ω–æ–≥–æ—Å—Ç–∞–µ–Ω –∞–ø–∞—Ä—Ç–∞–º–µ–Ω—Ç —Å –æ–±—â–∞ –ø–ª–æ—â –æ ..., —Ç–µ–ª.: 0896878933",–¢–†–ò–í–ò–£–ú –ï–°–¢–ï–ô–¢,https://trivium.imot.bg,2.0,1,2026-02-05 18:16:38.226852,87,16638a5846b7536b109925ba5f2160ea
imotbg,https://www.imot.bg/obiavi/prodazhbi/grad-plovdiv/tsentar/chetiristaen?raioni=5982~5986~5988~5991~6360~,https://www.imot.bg/obiava-1d176762265323055-prodava-chetiristaen-apartament-grad-plovdiv-kapana-ul-yoakim-gruev-39a,250329.0,EUR,2361.59,–ü–ª–æ–≤–¥–∏–≤,–ö–∞–ø–∞–Ω–∞,–ø—Ä–æ–¥–∞–≤–∞,—á–µ—Ç–∏—Ä–∏—Å—Ç–∞–µ–Ω,106.0,1,5,–ü—Ä–æ–¥–∞–≤–∞ 4-–°–¢–ê–ï–ù,"106 –∫–≤.–º, —É–ª. –ô–æ–∞–∫–∏–º –ì—Ä—É–µ–≤ 39–ê, 1-–≤–∏ –µ—Ç. –æ—Ç 5, –í—ä–≤–µ–¥–µ–Ω –≤ –µ–∫—Å–ø–ª–æ–∞—Ç–∞—Ü–∏—è, –ß–°–ò –õ—é–¥–º–∏–ª–∞ –ú—É—Ä–¥–∂–∞–Ω–æ–≤–∞, —Ä–µ–≥.   819 –Ω–∞ –ö–ß–°–ò, —Ä–∞–π–æ–Ω –Ω–∞ –¥–µ–π—Å—Ç–≤–∏–µ –û–°   –ü–ª–æ–≤–¥–∏–≤, –µ –Ω–∞—Å—Ä–æ—á–∏–ª –ø–æ –ò–î   20258 ..., —Ç–µ–ª.: 0889987299",–ë–ê–ö–ë –ê–î,https://bacb.imot.bg,,1,2026-02-05 18:16:38.226852,87,5d34eb75bb7f0fcd10fb8d0c16dd94d7
imotbg,https://www.imot.bg/obiavi/prodazhbi/grad-plovdiv/tsentar/chetiristaen?raioni=5982~5986~5988~5991~6360~,https://www.imot.bg/obiava-1d174283958254942-prodava-chetiristaen-apartament-grad-plovdiv-kapana,610000.0,EUR,2293.23,–ü–ª–æ–≤–¥–∏–≤,–ö–∞–ø–∞–Ω–∞,–ø—Ä–æ–¥–∞–≤–∞,—á–µ—Ç–∏—Ä–∏—Å—Ç–∞–µ–Ω,266.0,4,5,–ü—Ä–æ–¥–∞–≤–∞ 4-–°–¢–ê–ï–ù,"266 –∫–≤.–º, 4-—Ç–∏ –µ—Ç. –æ—Ç 5, –í—ä–≤–µ–¥–µ–Ω –≤ –µ–∫—Å–ø–ª–æ–∞—Ç–∞—Ü–∏—è 2015 –≥.,  –ú–Ω–æ–≥–æ—Å—Ç–∞–µ–Ω –∞–ø–∞—Ä—Ç–∞–º–µ–Ω—Ç —Å 3 —Å–ø–∞–ª–Ω–∏ –ö–≤–∞–¥—Ä–∞—Ç—É—Ä–∞266 –∫–≤.–º –í–∏–¥ —Å—Ç—Ä–æ–∏—Ç–µ–ª—Å—Ç–≤–æ–¢—É—Ö–ª–∞ –ì–æ–¥–∏–Ω–∞ –Ω–∞ —Å—Ç—Ä–æ–∏—Ç–µ–ª—Å—Ç–≤–æ201 ..., —Ç–µ–ª.: 0878201878",–î–ï–ê–ö–û–ú,https://deacom.imot.bg,11.0,1,2026-02-05 18:16:38.226852,87,a8477322c183b1f5ebdcb2136b6adc15
imotbg,https://www.imot.bg/obiavi/prodazhbi/grad-plovdiv/tsentar/chetiristaen?raioni=5982~5986~5988~5991~6360~,https://www.imot.bg/obiava-1d176227090750115-prodava-chetiristaen-apartament-grad-plovdiv-mladezhki-halm,179000.0,EUR,1642.2,–ü–ª–æ–≤–¥–∏–≤,–ú–ª–∞–¥–µ–∂–∫–∏ —Ö—ä–ª–º,–ø—Ä–æ–¥–∞–≤–∞,—á–µ—Ç–∏—Ä–∏—Å—Ç–∞–µ–Ω,109.0,6,6,–ü—Ä–æ–¥–∞–≤–∞ 4-–°–¢–ê–ï–ù,"109 –∫–≤.–º, 6-—Ç–∏ –µ—Ç. –æ—Ç 6, –í—ä–≤–µ–¥–µ–Ω –≤ –µ–∫—Å–ø–ª–æ–∞—Ç–∞—Ü–∏—è 1970 - 1979 –≥.,  D& R Real Estate (–î–∞–Ω–∏-–†—É–º–∏) –í–∏ –ø—Ä–µ–¥—Å—Ç–∞–≤—è –µ–¥–Ω–æ –∏—Å—Ç–∏–Ω—Å–∫–æ –±–∏–∂—É —Å—Ä–µ–¥ –∏–º–æ—Ç–∏—Ç–µ –Ω–∞ –ü–ª–æ–≤–¥–∏–≤! ?  –ù–µ–≤–µ—Ä–æ—è—Ç–Ω–∞ ..., —Ç–µ–ª.: 088335565",–î–ê–ù–ò-–†–£–ú–ò,https://danirumi.imot.bg,5.0,1,2026-02-05 18:16:38.226852,87,1b41ce49b3face64a20a3d194fa6dcae
imotbg,https://www.imot.bg/obiavi/prodazhbi/grad-plovdiv/tsentar/chetiristaen?raioni=5982~5986~5988~5991~6360~,https://www.imot.bg/obiava-1d160554564698547-prodava-chetiristaen-apartament-grad-plovdiv-mladezhki-halm,189500.0,EUR,957.07,–ü–ª–æ–≤–¥–∏–≤,–ú–ª–∞–¥–µ–∂–∫–∏ —Ö—ä–ª–º,–ø—Ä–æ–¥–∞–≤–∞,—á–µ—Ç–∏—Ä–∏—Å—Ç–∞–µ–Ω,198.0,5,6,–ü—Ä–æ–¥–∞–≤–∞ 4-–°–¢–ê–ï–ù,"198 –∫–≤.–º, 5-—Ç–∏ –µ—Ç. –æ—Ç 6, –ù–µ –µ –≤—ä–≤–µ–¥–µ–Ω –≤ –µ–∫—Å–ø–ª–æ–∞—Ç–∞—Ü–∏—è, –µ–ö–°–ö–õ–£–ó–û–í–ù–ê –ü–§–ï–†–¢–ê! –ü–†–û–°–¢–û–†–ï–ù, –ü–ê–ù–û–†–ê–ú–ï–ù –º–µ–∑–æ–Ω–µ—Ç –≤ –º–æ–Ω–æ–ª–∏—Ç–Ω–∞ —Å–≥—Ä–∞–¥–∞ –æ—Ç 1996 –≥., –≤ —Ç–∏—Ö –∏ —Å–ø–æ–∫–æ–µ–Ω –∑–∞ –∂ ..., —Ç–µ–ª.: 0885615308",–î–û–ú–ï–ê –ï–û–û–î,https://domea.imot.bg,17.0,1,2026-02-05 18:16:38.226852,87,745b0777274ef8c740d6b73d8d4b43f7
imotbg,https://www.imot.bg/obiavi/prodazhbi/grad-plovdiv/tsentar/chetiristaen?raioni=5982~5986~5988~5991~6360~,https://www.imot.bg/obiava-1d175872131324688-prodava-chetiristaen-apartament-grad-plovdiv-mladezhki-halm,194000.0,EUR,1539.68,–ü–ª–æ–≤–¥–∏–≤,–ú–ª–∞–¥–µ–∂–∫–∏ —Ö—ä–ª–º,–ø—Ä–æ–¥–∞–≤–∞,—á–µ—Ç–∏—Ä–∏—Å—Ç–∞–µ–Ω,126.0,3,3,–ü—Ä–æ–¥–∞–≤–∞ 4-–°–¢–ê–ï–ù,"126 –∫–≤.–º, 3-—Ç–∏ –µ—Ç. –æ—Ç 3, –í—ä–≤–µ–¥–µ–Ω –≤ –µ–∫—Å–ø–ª–æ–∞—Ç–∞—Ü–∏—è, üåü –¢–û–ü –ª–æ–∫–∞—Ü–∏—è / –î—ä–ª–≥–æ—Å—Ä–æ—á–Ω–∞ –∏–Ω–≤–µ—Å—Ç–∏—Ü–∏—è / –ù–µ–≤–µ—Ä–æ—è—Ç–µ–Ω –ø–æ—Ç–µ–Ω—Ü–∏–∞–ª üåü  –ö–æ–Ω—Å—É–ª—Ç–∞–Ω—Ç –ù–µ–¥–≤–∏–∂–∏–º ..., —Ç–µ–ª.: 0895501041",–ù–û–í –î–û–ú 1,https://novdom1pd.imot.bg,5.0,1,2026-02-05 18:16:38.226852,87,345777d814a5987d773562bbf8de1cab
imotbg,https://www.imot.bg/obiavi/prodazhbi/grad-plovdiv/tsentar/chetiristaen?raioni=5982~5986~5988~5991~6360~,https://www.imot.bg/obiava-1d174187530514340-prodava-chetiristaen-apartament-grad-plovdiv-mladezhki-halm-meditsinski-universitet,194000.0,EUR,1539.68,–ü–ª–æ–≤–¥–∏–≤,–ú–ª–∞–¥–µ–∂–∫–∏ —Ö—ä–ª–º,–ø—Ä–æ–¥–∞–≤–∞,—á–µ—Ç–∏—Ä–∏—Å—Ç–∞–µ–Ω,126.0,3,3,–ü—Ä–æ–¥–∞–≤–∞ 4-–°–¢–ê–ï–ù,"126 –∫–≤.–º, –ú–µ–¥–∏—Ü–∏–Ω—Å–∫–∏ —É–Ω–∏–≤–µ—Ä—Å–∏—Ç–µ—Ç, 3-—Ç–∏ –µ—Ç. –æ—Ç 3, –í—ä–≤–µ–¥–µ–Ω –≤ –µ–∫—Å–ø–ª–æ–∞—Ç–∞—Ü–∏—è 1980 - 1989 –≥., –û—Ñ–µ—Ä—Ç–∞ 4021. –ü—Ä–µ–¥–ª–∞–≥–∞–º–µ –í–∏ —á–µ—Ç–∏—Ä–∏—Å—Ç–∞–µ–Ω –º–æ–Ω–æ–ª–∏—Ç, —Å –†–ó–ü 126 –∫–≤.–º., —Ä–∞–∑–ø–æ–ª–æ–∂–µ–Ω –≤ –Ω–µ–ø–æ—Å—Ä–µ–¥—Å—Ç–≤–µ–Ω–∞ –±–ª–∏–∑–æ—Å—Ç ..., —Ç–µ–ª.: 0897812066",–î–ò–ê–ù–ê,https://dianaimoti.imot.bg,8.0,1,2026-02-05 18:16:38.226852,87,345777d814a5987d773562bbf8de1cab
imotbg,https://www.imot.bg/obiavi/prodazhbi/grad-plovdiv/tsentar/chetiristaen?raioni=5982~5986~5988~5991~6360~,https://www.imot.bg/obiava-1d174895106451025-prodava-chetiristaen-apartament-grad-plovdiv-mladezhki-halm,207841.0,EUR,1376.43,–ü–ª–æ–≤–¥–∏–≤,–ú–ª–∞–¥–µ–∂–∫–∏ —Ö—ä–ª–º,–ø—Ä–æ–¥–∞–≤–∞,—á–µ—Ç–∏—Ä–∏—Å—Ç–∞–µ–Ω,151.0,3,6,–ü—Ä–æ–¥–∞–≤–∞ 4-–°–¢–ê–ï–ù,"151 –∫–≤.–º, 3-—Ç–∏ –µ—Ç. –æ—Ç 6, —Ä–µ—Ñ –Ω–æ–º–µ—Ä 35162 ? –ë–ï–ó –ö–û–ú–ò–°–ò–û–ù–ù–ê! ? –ù–ê–ô-–ù–ò–°–ö–ê–¢–ê –¶–ï–ù–ê –í –†–ê–ô–û–ù–ê!!!! ? –°–¢–ê–†–¢–ò–†–ê–ù–û –°–¢–†–û–ò–¢EL–°–¢–í–û! ? –ü–†–û–ú–û ..., —Ç–µ–ª.: 0895500120",–ê–í–ï–ù–Æ –†–ò–™–õ –ï–°–¢–ï–ô–¢,https://avenuerealestate.imot.bg,2.0,1,2026-02-05 18:16:38.226852,87,a0c6faf7654c7ddc5708f787e24ebccc
imotbg,https://www.imot.bg/obiavi/prodazhbi/grad-plovdiv/tsentar/chetiristaen?raioni=5982~5986~5988~5991~6360~,https://www.imot.bg/obiava-1d176907664232141-prodava-chetiristaen-apartament-grad-plovdiv-mladezhki-halm,214385.0,EUR,1429.23,–ü–ª–æ–≤–¥–∏–≤,–ú–ª–∞–¥–µ–∂–∫–∏ —Ö—ä–ª–º,–ø—Ä–æ–¥–∞–≤–∞,—á–µ—Ç–∏—Ä–∏—Å—Ç–∞–µ–Ω,150.0,4,6,–ü—Ä–æ–¥–∞–≤–∞ 4-–°–¢–ê–ï–ù,"150 –∫–≤.–º, 4-—Ç–∏ –µ—Ç. –æ—Ç 6, –©–µ –±—ä–¥–µ –≤—ä–≤–µ–¥–µ–Ω –≤ –µ–∫—Å–ø–ª–æ–∞—Ç–∞—Ü–∏—è 2026 –≥., üì¢ –î–ò–†–ï–ö–¢–ù–û –û–¢ –ò–ù–í–ï–°–¢–ò–¢–û–† - –ë–ï–ó –ö–û–ú–ò–°–ò–û–ù –ö–™–ú –ê–ì–ï–ù–¶–ò–Ø–¢–ê! üì¢ –û–§–ï–†–¢–ê: 18165  ‚óè –ì–û–õ–î ..., —Ç–µ–ª.: 0896706299",–ì–û–õ–î –ò–ú–û–¢–ò,https://gold_imoti.imot.bg,16.0,1,2026-02-05 18:16:38.226852,87,7eb272f9af001f5d39ae8ffeddf2e235
imotbg,https://www.imot.bg/obiavi/prodazhbi/grad-plovdiv/tsentar/chetiristaen?raioni=5982~5986~5988~5991~6360~,https://www.imot.bg/obiava-1d172370853935926-prodava-chetiristaen-apartament-grad-plovdiv-mladezhki-halm,214386.0,EUR,1429.24,–ü–ª–æ–≤–¥–∏–≤,–ú–ª–∞–¥–µ–∂–∫–∏ —Ö—ä–ª–º,–ø—Ä–æ–¥–∞–≤–∞,—á–µ—Ç–∏—Ä–∏—Å—Ç–∞–µ–Ω,150.0,4,6,–ü—Ä–æ–¥–∞–≤–∞ 4-–°–¢–ê–ï–ù,"150 –∫–≤.–º, 4-—Ç–∏ –µ—Ç. –æ—Ç 6, –©–µ –±—ä–¥–µ –≤—ä–≤–µ–¥–µ–Ω –≤ –µ–∫—Å–ø–ª–æ–∞—Ç–∞—Ü–∏—è 2026 –≥., –û–§–ï–†–¢–ê - 8151 üì¢ –ß–ï–¢–ò–†–ò–°–¢–ê–ï–ù –ê–ü–ê–†–¢–ê–ú–ï–ù–¢! ‚úî –ù–û–í–ê –ë–£–¢–ò–ö–û–í–ê –°–ì–†–ê–î–ê! üëå –ú–õ–ê–î–ï–ñ–ö–ò –•–™ ..., —Ç–µ–ª.: 0899425558",–ê–¢–õ–ê–° –ù–ï–î–í–ò–ñ–ò–ú–ò –ò–ú–û–¢–ò,https://atlasimotibg.imot.bg,,1,2026-02-05 18:16:38.226852,87,7eb272f9af001f5d39ae8ffeddf2e235
imotbg,https://www.imot.bg/obiavi/prodazhbi/grad-plovdiv/tsentar/chetiristaen?raioni=5982~5986~5988~5991~6360~,https://www.imot.bg/obiava-1d176432180627644-prodava-chetiristaen-apartament-grad-plovdiv-mladezhki-halm,214390.0,EUR,1429.27,–ü–ª–æ–≤–¥–∏–≤,–ú–ª–∞–¥–µ–∂–∫–∏ —Ö—ä–ª–º,–ø—Ä–æ–¥–∞–≤–∞,—á–µ—Ç–∏—Ä–∏—Å—Ç–∞–µ–Ω,150.0,4,6,–ü—Ä–æ–¥–∞–≤–∞ 4-–°–¢–ê–ï–ù,"150 –∫–≤.–º, 4-—Ç–∏ –µ—Ç. –æ—Ç 6, –©–µ –±—ä–¥–µ –≤—ä–≤–µ–¥–µ–Ω –≤ –µ–∫—Å–ø–ª–æ–∞—Ç–∞—Ü–∏—è 2026 –≥., üì¢ –î–ò–†–ï–ö–¢–ù–û –û–¢ –ò–ù–í–ï–°–¢–ò–¢–û–† - –ë–ï–ó –ö–û–ú–ò–°–ò–û–ù –ö–™–ú –ê–ì–ï–ù–¶–ò–Ø–¢–ê! üì¢  –û–§–ï–†–¢–ê: 12652 ‚óè '–ì–û–õ ..., —Ç–µ–ª.: 0896 706 299",–ì–û–õ–î –ò–ú–û–¢–ò,https://gold_imoti.imot.bg,3.0,1,2026-02-05 18:16:38.226852,87,7eb272f9af001f5d39ae8ffeddf2e235
imotbg,https://www.imot.bg/obiavi/prodazhbi/grad-plovdiv/tsentar/chetiristaen?raioni=5982~5986~5988~5991~6360~,https://www.imot.bg/obiava-1d174902431251431-prodava-chetiristaen-apartament-grad-plovdiv-mladezhki-halm,214500.0,EUR,1430.0,–ü–ª–æ–≤–¥–∏–≤,–ú–ª–∞–¥–µ–∂–∫–∏ —Ö—ä–ª–º,–ø—Ä–æ–¥–∞–≤–∞,—á–µ—Ç–∏—Ä–∏—Å—Ç–∞–µ–Ω,150.0,,,–ü—Ä–æ–¥–∞–≤–∞ 4-–°–¢–ê–ï–ù,"150 –∫–≤.–º, –©–µ –±—ä–¥–µ –≤—ä–≤–µ–¥–µ–Ω –≤ –µ–∫—Å–ø–ª–æ–∞—Ç–∞—Ü–∏—è 2026 –≥., üôè –° –≤—Å—è–∫–∞ —Å–¥–µ–ª–∫–∞ –Ω–∏–µ –æ—Ç Diamond Home –ø–æ–º–∞–≥–∞–º–µ! üíé –î–∞—Ä—è–≤–∞–º–µ –ø—Ä–æ—Ü–µ–Ω—Ç –æ—Ç –Ω–∞—à–∞—Ç–∞ –∫–æ–º–∏—Å–∏–æ–Ω ..., —Ç–µ–ª.: 0883382222",–î–ê–ô–ú–™–ù–î –•–û–£–ú –ë–™–õ–ì–ê–†–ò–Ø –ï–û–û–î,https://diamondhome.imot.bg,2.0,1,2026-02-05 18:16:38.226852,87,2cc2013301d564bc9d6147b5cba2e789
imotbg,https://www.imot.bg/obiavi/prodazhbi/grad-plovdiv/tsentar/chetiristaen?raioni=5982~5986~5988~5991~6360~,https://www.imot.bg/obiava-1d176899206372242-prodava-chetiristaen-apartament-grad-plovdiv-mladezhki-halm,215370.0,EUR,1435.8,–ü–ª–æ–≤–¥–∏–≤,–ú–ª–∞–¥–µ–∂–∫–∏ —Ö—ä–ª–º,–ø—Ä–æ–¥–∞–≤–∞,—á–µ—Ç–∏—Ä–∏—Å—Ç–∞–µ–Ω,150.0,2,6,–ü—Ä–æ–¥–∞–≤–∞ 4-–°–¢–ê–ï–ù,"150 –∫–≤.–º, 2-—Ä–∏ –µ—Ç. –æ—Ç 6, –©–µ –±—ä–¥–µ –≤—ä–≤–µ–¥–µ–Ω –≤ –µ–∫—Å–ø–ª–æ–∞—Ç–∞—Ü–∏—è 2026 –≥., üì¢ –î–ò–†–ï–ö–¢–ù–û –û–¢ –ò–ù–í–ï–°–¢–ò–¢–û–† - –ë–ï–ó –ö–û–ú–ò–°–ò–û–ù –ö–™–ú –ê–ì–ï–ù–¶–ò–Ø–¢–ê! üì¢ –û–§–ï–†–¢–ê: 18164 ‚óè  –ì–û–õ–î ..., —Ç–µ–ª.: 0896706299",–ì–û–õ–î –ò–ú–û–¢–ò,https://gold_imoti.imot.bg,17.0,1,2026-02-05 18:16:38.226852,87,0e095f4226d04d2b1c6b01a5268978b2
imotbg,https://www.imot.bg/obiavi/prodazhbi/grad-plovdiv/tsentar/chetiristaen?raioni=5982~5986~5988~5991~6360~,https://www.imot.bg/obiava-1d174713793013679-prodava-chetiristaen-apartament-grad-plovdiv-mladezhki-halm,215372.0,EUR,1426.3,–ü–ª–æ–≤–¥–∏–≤,–ú–ª–∞–¥–µ–∂–∫–∏ —Ö—ä–ª–º,–ø—Ä–æ–¥–∞–≤–∞,—á–µ—Ç–∏—Ä–∏—Å—Ç–∞–µ–Ω,151.0,2,6,–ü—Ä–æ–¥–∞–≤–∞ 4-–°–¢–ê–ï–ù,"151 –∫–≤.–º, 2-—Ä–∏ –µ—Ç. –æ—Ç 6, –©–µ –±—ä–¥–µ –≤—ä–≤–µ–¥–µ–Ω –≤ –µ–∫—Å–ø–ª–æ–∞—Ç–∞—Ü–∏—è 2026 –≥., üè° –§–£–ù–ö–¶–ò–û–ù–ê–õ–ù–û –†–ê–ó–ü–†–ï–î–ï–õ–ï–ù–ò–ï / –ì–û–õ–ï–ú–ò –°–¢–ê–ò / –î–í–ï –ò–ó–õ–û–ñ–ï–ù–ò–Ø –ù–∏–∫–æ–ª –î–æ–Ω—á–µ–≤–∞   0894555650 –î–µ—Ç–∞–π–ª ..., —Ç–µ–ª.: 0894555650",–ù–û–í –î–û–ú 1,https://novdom1pd.imot.bg,4.0,1,2026-02-05 18:16:38.226852,87,dfcea33796480007d87f10cdd98c54fb
imotbg,https://www.imot.bg/obiavi/prodazhbi/grad-plovdiv/tsentar/chetiristaen?raioni=5982~5986~5988~5991~6360~,https://www.imot.bg/obiava-1d176224312698419-prodava-chetiristaen-apartament-grad-plovdiv-mladezhki-halm,215373.0,EUR,1426.31,–ü–ª–æ–≤–¥–∏–≤,–ú–ª–∞–¥–µ–∂–∫–∏ —Ö—ä–ª–º,–ø—Ä–æ–¥–∞–≤–∞,—á–µ—Ç–∏—Ä–∏—Å—Ç–∞–µ–Ω,151.0,3,6,–ü—Ä–æ–¥–∞–≤–∞ 4-–°–¢–ê–ï–ù,"151 –∫–≤.–º, 3-—Ç–∏ –µ—Ç. –æ—Ç 6, 2026 –≥., (–û–§–ï–†–¢–ê-8979) –ê–ö–†–û–ù–ê –ò–ú–û–¢–ò –∏–º–∞ —É–¥–æ–≤–æ–ª—Å—Ç–≤–∏–µ—Ç–æ –¥–∞ –í–∏ –ø—Ä–µ–¥—Å—Ç–∞–≤–∏ –ø—Ä–æ—Å—Ç–æ—Ä–µ–Ω 4-—Å—Ç–∞–µ–Ω –∞–ø–∞—Ä—Ç–∞–º–µ–Ω—Ç –Ω–æ–≤–æ —Å—Ç—Ä–æ–∏ ..., —Ç–µ–ª.: 0897650416",–ê–ö–†–û–ù–ê –ù–ï–î–í–ò–ñ–ò–ú–ò –ò–ú–û–¢–ò,https://acrona.imot.bg,2.0,1,2026-02-05 18:16:38.226852,87,dfcea33796480007d87f10cdd98c54fb
imotbg,https://www.imot.bg/obiavi/prodazhbi/grad-plovdiv/tsentar/chetiristaen?raioni=5982~5986~5988~5991~6360~,https://www.imot.bg/obiava-1d172725306268409-prodava-chetiristaen-apartament-grad-plovdiv-mladezhki-halm,215842.0,EUR,1429.42,–ü–ª–æ–≤–¥–∏–≤,–ú–ª–∞–¥–µ–∂–∫–∏ —Ö—ä–ª–º,–ø—Ä–æ–¥–∞–≤–∞,—á–µ—Ç–∏—Ä–∏—Å—Ç–∞–µ–Ω,151.0,2,6,–ü—Ä–æ–¥–∞–≤–∞ 4-–°–¢–ê–ï–ù,"151 –∫–≤.–º, 2-—Ä–∏ –µ—Ç. –æ—Ç 6, –©–µ –±—ä–¥–µ –≤—ä–≤–µ–¥–µ–Ω –≤ –µ–∫—Å–ø–ª–æ–∞—Ç–∞—Ü–∏—è 2026 –≥., –ò–º–∞–º–µ —É–¥–æ–≤–æ–ª—Å—Ç–≤–∏–µ—Ç–æ –¥–∞ –≤–∏ –ø—Ä–µ–¥—Å—Ç–∞–≤–∏–º —á–µ—Ç–∏—Ä–∏—Å—Ç–∞–µ–Ω –∞–ø–∞—Ä—Ç–∞–º–µ–Ω—Ç –≤ –Ω–æ–≤–æ—Å—Ç—Ä–æ—è—â–∞ —Å–µ –∂–∏–ª–∏—â–Ω–∞ —Å–≥—Ä–∞–¥–∞ –≤ –≥—Ä. –ü–ª ..., —Ç–µ–ª.: 0892083015",–§–û–ö–£–° –†–ò–™–õ –ï–°–¢–ï–ô–¢–°,https://focusltd2020.imot.bg,2.0,1,2026-02-05 18:16:38.226852,87,8a74dad2155dffdc20fe6461dc1aefc3
imotbg,https://www.imot.bg/obiavi/prodazhbi/grad-plovdiv/tsentar/chetiristaen?raioni=5982~5986~5988~5991~6360~,https://www.imot.bg/obiava-1d175705320680100-prodava-chetiristaen-apartament-grad-plovdiv-mladezhki-halm,217384.0,EUR,1439.63,–ü–ª–æ–≤–¥–∏–≤,–ú–ª–∞–¥–µ–∂–∫–∏ —Ö—ä–ª–º,–ø—Ä–æ–¥–∞–≤–∞,—á–µ—Ç–∏—Ä–∏—Å—Ç–∞–µ–Ω,151.0,2,5,–ü—Ä–æ–¥–∞–≤–∞ 4-–°–¢–ê–ï–ù,"151 –∫–≤.–º, 2-—Ä–∏ –µ—Ç. –æ—Ç 5, 2026 –≥., –ë–ò–õ–î–ò–ù–ì –ë–û–ö–° –ø—Ä–µ–¥–ª–∞–≥–∞ –∑–∞ –ø—Ä–æ–¥–∞–∂–±–∞ —á–µ—Ç–∏—Ä–∏—Å—Ç–∞–µ–Ω –∞–ø–∞—Ä—Ç–∞–º–µ–Ω—Ç –≤ –≥—Ä. –ü–ª–æ–≤–¥–∏–≤.  –ü—Ä–µ–¥–∏–º—Å—Ç–≤–∞ –Ω–∞ –∏–º–æ—Ç–∞: - –õ–û–ö–ê ..., —Ç–µ–ª.: 0877190777",–ë–ò–õ–î–ò–ù–ì –ë–û–ö–°,https://buildingbox.imot.bg,12.0,1,2026-02-05 18:16:38.226852,87,653bf3628da28a0378b64f54c925eb18
imotbg,https://www.imot.bg/obiavi/prodazhbi/grad-plovdiv/tsentar/chetiristaen?raioni=5982~5986~5988~5991~6360~,https://www.imot.bg/obiava-1d175705299772745-prodava-chetiristaen-apartament-grad-plovdiv-mladezhki-halm,217384.0,EUR,1439.63,–ü–ª–æ–≤–¥–∏–≤,–ú–ª–∞–¥–µ–∂–∫–∏ —Ö—ä–ª–º,–ø—Ä–æ–¥–∞–≤–∞,—á–µ—Ç–∏—Ä–∏—Å—Ç–∞–µ–Ω,151.0,1,5,–ü—Ä–æ–¥–∞–≤–∞ 4-–°–¢–ê–ï–ù,"151 –∫–≤.–º, 1-–≤–∏ –µ—Ç. –æ—Ç 5, 2026 –≥., –ë–ò–õ–î–ò–ù–ì –ë–û–ö–° –ø—Ä–µ–¥–ª–∞–≥–∞ –∑–∞ –ø—Ä–æ–¥–∞–∂–±–∞ —á–µ—Ç–∏—Ä–∏—Å—Ç–∞–µ–Ω –∞–ø–∞—Ä—Ç–∞–º–µ–Ω—Ç –≤ –≥—Ä. –ü–ª–æ–≤–¥–∏–≤.  –ü—Ä–µ–¥–∏–º—Å—Ç–≤–∞ –Ω–∞ –∏–º–æ—Ç–∞: - –õ–û–ö–ê ..., —Ç–µ–ª.: 0877190777",–ë–ò–õ–î–ò–ù–ì –ë–û–ö–°,https://buildingbox.imot.bg,11.0,1,2026-02-05 18:16:38.226852,87,653bf3628da28a0378b64f54c925eb18
imotbg,https://www.imot.bg/obiavi/prodazhbi/grad-plovdiv/tsentar/chetiristaen?raioni=5982~5986~5988~5991~6360~,https://www.imot.bg/obiava-1d172587141681614-prodava-chetiristaen-apartament-grad-plovdiv-mladezhki-halm-tsentar,610220.0,EUR,2000.72,–ü–ª–æ–≤–¥–∏–≤,–ú–ª–∞–¥–µ–∂–∫–∏ —Ö—ä–ª–º,–ø—Ä–æ–¥–∞–≤–∞,—á–µ—Ç–∏—Ä–∏—Å—Ç–∞–µ–Ω,305.0,13,13,–ü—Ä–æ–¥–∞–≤–∞ 4-–°–¢–ê–ï–ù,"305 –∫–≤.–º, –¶–µ–Ω—Ç—ä—Ä, 13-—Ç–∏ –µ—Ç. –æ—Ç 13, –í—ä–≤–µ–¥–µ–Ω –≤ –µ–∫—Å–ø–ª–æ–∞—Ç–∞—Ü–∏—è 2023 –≥., –ë–µ–∑ –∫–æ–º–∏—Å–∏–æ–Ω –æ—Ç –∫–ª–∏–µ–Ω—Ç–∞! –ù–∞ —Ça–∑–∏ –æ–±—è–≤–∞ —Å–µ —Å–≤—ä—Ä–∑–≤–∞—Ç–µ –¥–∏—Ä–µ–∫—Ç–Ω–æ —Å—ä—Å —Å–æ–±—Å—Ç–≤–µ–Ω–∏–∫! –ü—Ä–µ–¥–ª–∞–≥–∞–º–µ –Ω–∞–ø—ä–ª–Ω–æ –æ–±–∑–∞ ..., —Ç–µ–ª.: 0888811422",–ò–ö–ê–†–£–° 23,https://icarus.imot.bg,,1,2026-02-05 18:16:38.226852,87,7b754ed5e2055867c7cab7dc58ed7a65
imotbg,https://www.imot.bg/obiavi/prodazhbi/grad-plovdiv/tsentar/chetiristaen?raioni=5982~5986~5988~5991~6360~,https://www.imot.bg/obiava-1d176164845560806-prodava-chetiristaen-apartament-grad-plovdiv-tsentar,165000.0,EUR,1375.0,–ü–ª–æ–≤–¥–∏–≤,–¶–µ–Ω—Ç—ä—Ä,–ø—Ä–æ–¥–∞–≤–∞,—á–µ—Ç–∏—Ä–∏—Å—Ç–∞–µ–Ω,120.0,5,6,–ü—Ä–æ–¥–∞–≤–∞ 4-–°–¢–ê–ï–ù,"120 –∫–≤.–º, 5-—Ç–∏ –µ—Ç. –æ—Ç 6, –í—ä–≤–µ–¥–µ–Ω –≤ –µ–∫—Å–ø–ª–æ–∞—Ç–∞—Ü–∏—è 1980 - 1989 –≥., –ü–ê–ù–û–†–ê–ú–ê –ù–ï–î–í–ò–ñ–ò–ú–ò –ò–ú–û–¢–ò –ü–†–ï–î–õ–ê–ì–ê  –î–í–ï –°–ü–ê–õ–ù–ò –•–û–õ –ò –ö–£–•–ù–Ø –î–í–ï –¢–ï–†–ê–°–ò –ò–ó–õ–û–ñ–ï–ù–ò–ï -–ò–ó–¢–û–ö –ò –ó–ê–ü–ê–î –ê–ü–ê–†–¢–ê ..., —Ç–µ–ª.: 0889102997",–ü–ê–ù–û–†–ê–ú–ê,https://panorama.imot.bg,,1,2026-02-05 18:16:38.226852,87,e3117fd40f8bc797570d776fdbd87906
imotbg,https://www.imot.bg/obiavi/prodazhbi/grad-plovdiv/tsentar/chetiristaen?raioni=5982~5986~5988~5991~6360~,https://fakti.bg/bulgaria/1032713-okonchatelno-deputatite-ogranichiha-broa-na-sekciite-za-glasuvane-v-strani-izvan-es-do-20,,,,,,,,3.0,,,–û–∫–æ–Ω—á–∞—Ç–µ–ª–Ω–æ: –î–µ–ø—É—Ç–∞—Ç–∏—Ç–µ –æ–≥—Ä–∞–Ω–∏—á–∏—Ö–∞ –±—Ä–æ—è –Ω–∞ —Å–µ–∫—Ü–∏–∏—Ç–µ –∑–∞ –≥–ª–∞—Å—É–≤–∞–Ω–µ –≤ —Å—Ç—Ä–∞–Ω–∏ –∏–∑–≤—ä–Ω –ï–° –¥–æ 20,–ø—Ä–µ–¥–∏ 3 –º–∏–Ω—É—Ç–∏,,,,,2026-02-05 18:16:38.226852,87,583f12f0dff5a44433d0cf48c9169807
imotbg,https://www.imot.bg/obiavi/prodazhbi/grad-plovdiv/tsentar/chetiristaen?raioni=5982~5986~5988~5991~6360~,https://www.imot.bg/obiava-1d173703385444920-prodava-chetiristaen-apartament-grad-plovdiv-tsentar,175000.0,EUR,1715.69,–ü–ª–æ–≤–¥–∏–≤,–¶–µ–Ω—Ç—ä—Ä,–ø—Ä–æ–¥–∞–≤–∞,—á–µ—Ç–∏—Ä–∏—Å—Ç–∞–µ–Ω,102.0,8,9,–ü—Ä–æ–¥–∞–≤–∞ 4-–°–¢–ê–ï–ù,"102 –∫–≤.–º, 8-–º–∏ –µ—Ç. –æ—Ç 9, –í—ä–≤–µ–¥–µ–Ω –≤ –µ–∫—Å–ø–ª–æ–∞—Ç–∞—Ü–∏—è 1980 - 1989 –≥., –ê–≥–µ–Ω—Ü–∏—è—Ç–∞ –ø—Ä–µ–¥–ª–∞–≥–∞ –∞–ø–∞—Ä—Ç–∞–º–µ–Ω—Ç –≤ –¶–ì–ß, –≤ —Ä–∞–π–æ–Ω–∞ –Ω–∞ –ë–∏–ª–∞-1, –≤ –¥–æ–±—Ä–æ —Å—ä—Å—Ç–æ—è–Ω–∏–µ –±–µ–∑ –ø–æ–¥–æ–±—Ä–µ–Ω–∏—è, –Ω–æ —Å—ä—Å —Å–º ..., —Ç–µ–ª.: 0898398496",–¢–ê–†–ê,https://tara2011.imot.bg,17.0,1,2026-02-05 18:16:40.182461,87,4e31383e74b51cdba80bcc01af51a171
imotbg,https://www.imot.bg/obiavi/prodazhbi/grad-plovdiv/tsentar/chetiristaen?raioni=5982~5986~5988~5991~6360~,https://www.imot.bg/obiava-1d174222216809888-prodava-chetiristaen-apartament-grad-plovdiv-tsentar,194000.0,EUR,1492.31,–ü–ª–æ–≤–¥–∏–≤,–¶–µ–Ω—Ç—ä—Ä,–ø—Ä–æ–¥–∞–≤–∞,—á–µ—Ç–∏—Ä–∏—Å—Ç–∞–µ–Ω,130.0,3,3,–ü—Ä–æ–¥–∞–≤–∞ 4-–°–¢–ê–ï–ù,"130 –∫–≤.–º, 3-—Ç–∏ –µ—Ç. –æ—Ç 3, –í—ä–≤–µ–¥–µ–Ω –≤ –µ–∫—Å–ø–ª–æ–∞—Ç–∞—Ü–∏—è, –û–§–ï–†–¢–ê-82857 –ü—Ä–µ–¥–ª–∞–≥–∞–º–µ –í–∏ —Å–≤–µ—Ç—ä–ª –æ–±–∑–∞–≤–µ–¥–µ–Ω –∞–ø–∞—Ä—Ç–∞–º–µ–Ω—Ç –≤ —Ü–µ–Ω—Ç—Ä–∞–ª–Ω–∞—Ç–∞ —á–∞—Å—Ç –Ω–∞ –≥—Ä. –ü–ª–æ–≤–¥–∏–≤. –ò–º–æ—Ç—ä—Ç –ø—Ä–µ ..., —Ç–µ–ª.: 0896338198",–õ–ò–î–ï–†–ê,https://lidera.imot.bg,8.0,1,2026-02-05 18:16:40.182461,87,f915f5bf993d287d6e66cbf3b8accd64
imotbg,https://www.imot.bg/obiavi/prodazhbi/grad-plovdiv/tsentar/chetiristaen?raioni=5982~5986~5988~5991~6360~,https://www.imot.bg/obiava-1d175914557713918-prodava-chetiristaen-apartament-grad-plovdiv-tsentar-ilarion-makariopolski,195000.0,EUR,2052.63,–ü–ª–æ–≤–¥–∏–≤,–¶–µ–Ω—Ç—ä—Ä,–ø—Ä–æ–¥–∞–≤–∞,—á–µ—Ç–∏—Ä–∏—Å—Ç–∞–µ–Ω,95.0,3,7,–ü—Ä–æ–¥–∞–≤–∞ 4-–°–¢–ê–ï–ù,"95 –∫–≤.–º, –ò–ª–∞—Ä–∏–æ–Ω –ú–∞–∫–∞—Ä–∏–æ–ø–æ–ª—Å–∫–∏, 3-—Ç–∏ –µ—Ç. –æ—Ç 7, –í—ä–≤–µ–¥–µ–Ω –≤ –µ–∫—Å–ø–ª–æ–∞—Ç–∞—Ü–∏—è 1980 - 1989 –≥., RE/MAX –ø—Ä–µ–¥–ª–∞–≥–∞ –∑–∞ –ø—Ä–æ–¥–∞–∂–±–∞ –æ–±–∑–∞–≤–µ–¥–µ–Ω 4-—Å—Ç–∞–µ–Ω –∞–ø–∞—Ä—Ç–∞–º–µ–Ω—Ç –≤ —Å–∞–º–∏—è –¶–µ–Ω—Ç—ä—Ä –Ω–∞ –ü–ª–æ–≤–¥–∏–≤. –û—Å–Ω–æ–≤–Ω–∏ —Ö–∞—Ä–∞–∫—Ç–µ—Ä ..., —Ç–µ–ª.: 0889454546",–†–ï–ú–ê–ö–° –ê–î–í–ê–ù–¢–ò–î–ñ,https://remax.imot.bg,8.0,1,2026-02-05 18:16:40.182461,87,6cd507498e1f5a9af07733b3127eb829
imotbg,https://www.imot.bg/obiavi/prodazhbi/grad-plovdiv/tsentar/chetiristaen?raioni=5982~5986~5988~5991~6360~,https://www.imot.bg/obiava-1d171318922046182-prodava-chetiristaen-apartament-grad-plovdiv-tsentar,199900.0,EUR,1723.28,–ü–ª–æ–≤–¥–∏–≤,–¶–µ–Ω—Ç—ä—Ä,–ø—Ä–æ–¥–∞–≤–∞,—á–µ—Ç–∏—Ä–∏—Å—Ç–∞–µ–Ω,116.0,1,9,–ü—Ä–æ–¥–∞–≤–∞ 4-–°–¢–ê–ï–ù,"116 –∫–≤.–º, 1-–≤–∏ –µ—Ç. –æ—Ç 9, –í—ä–≤–µ–¥–µ–Ω –≤ –µ–∫—Å–ø–ª–æ–∞—Ç–∞—Ü–∏—è, –û—Ñ. 76804 –ü—Ä–µ–¥–ª–∞–≥–∞–º–µ –í–∏ –ø—Ä–æ—Å—Ç–æ—Ä–µ–Ω –º–Ω–æ–≥–æ—Å—Ç–∞–µ–Ω –∞–ø–∞—Ä—Ç–∞–º–µ–Ω—Ç –≤ –º–æ–Ω–æ–ª–∏—Ç–Ω–∞ —Ç—É—Ö–ª–µ–Ω–∞ —Å–≥—Ä–∞–¥–∞ –≤ —Ü–µ–Ω—Ç—Ä–∞–ª–Ω–∞—Ç–∞ —á–∞—Å ..., —Ç–µ–ª.: 0896338198",–õ–ò–î–ï–†–ê,https://lidera.imot.bg,5.0,1,2026-02-05 18:16:40.182461,87,64f25524111bf8416ab7b863eba98aaf
imotbg,https://www.imot.bg/obiavi/prodazhbi/grad-plovdiv/tsentar/chetiristaen?raioni=5982~5986~5988~5991~6360~,https://www.imot.bg/obiava-1d175750188085462-prodava-chetiristaen-apartament-grad-plovdiv-tsentar,199900.0,EUR,1999.0,–ü–ª–æ–≤–¥–∏–≤,–¶–µ–Ω—Ç—ä—Ä,–ø—Ä–æ–¥–∞–≤–∞,—á–µ—Ç–∏—Ä–∏—Å—Ç–∞–µ–Ω,100.0,4,6,–ü—Ä–æ–¥–∞–≤–∞ 4-–°–¢–ê–ï–ù,"100 –∫–≤.–º, 4-—Ç–∏ –µ—Ç. –æ—Ç 6, –í—ä–≤–µ–¥–µ–Ω –≤ –µ–∫—Å–ø–ª–æ–∞—Ç–∞—Ü–∏—è 1990 –≥., –ê–≥–µ–Ω—Ü–∏—è –∑–∞ –Ω–µ–¥–≤–∏–∂–∏–º–∏ –∏–º–æ—Ç–∏  –î–æ—Ä–∏–Ω  –ø—Ä–µ–¥–ª–∞–≥–∞ –∑–∞ –ø—Ä–æ–¥–∞–∂–±–∞ –ø—Ä–µ–∫—Ä–∞—Å–µ–Ω —á–µ—Ç–∏—Ä–∏—Å—Ç–∞–µ–Ω –∞–ø–∞—Ä—Ç–∞–º–µ–Ω—Ç –Ω–∞ –ø–µ—à–µ—Ö–æ–¥–Ω ..., —Ç–µ–ª.: 0894746292",–î–û–†–ò–ù,https://dorin.imot.bg,7.0,1,2026-02-05 18:16:40.182461,87,dd0ad0c913948918f137f476b4128341
imotbg,https://www.imot.bg/obiavi/prodazhbi/grad-plovdiv/tsentar/chetiristaen?raioni=5982~5986~5988~5991~6360~,https://www.imot.bg/obiava-1d174901771198097-prodava-chetiristaen-apartament-grad-plovdiv-tsentar-tsentar,200000.0,EUR,1785.71,–ü–ª–æ–≤–¥–∏–≤,–¶–µ–Ω—Ç—ä—Ä,–ø—Ä–æ–¥–∞–≤–∞,—á–µ—Ç–∏—Ä–∏—Å—Ç–∞–µ–Ω,112.0,3,3,–ü—Ä–æ–¥–∞–≤–∞ 4-–°–¢–ê–ï–ù,"112 –∫–≤.–º, —Ü–µ–Ω—Ç—ä—Ä, 3-—Ç–∏ –µ—Ç. –æ—Ç 3, –í—ä–≤–µ–¥–µ–Ω –≤ –µ–∫—Å–ø–ª–æ–∞—Ç–∞—Ü–∏—è,  –°–ú–ê–†–¢ –ë–ò–õ–î–ò–ù–ì –ö–û–ù–°–£–õ–¢ –ø—Ä–µ–¥–ª–∞–≥–∞ –Ω–∞ –í–∞—à–µ—Ç–æ –≤–Ω–∏–º–∞–Ω–∏–µ —É–Ω–∏–∫–∞–ª–Ω–∞  –≤—ä–∑–º–æ–∂–Ω–æ—Å—Ç –¥–∞ —Å–µ —Å–¥–æ–±–∏–µ—Ç–µ —Å –ø—Ä–æ—Å—Ç–æ—Ä–µ–Ω,  ..., —Ç–µ–ª.: 0892300318",–°–ú–ê–†–¢ –ë–ò–õ–î–ò–ù–ì –ö–û–ù–°–£–õ–¢,https://sbconsult.imot.bg,16.0,1,2026-02-05 18:16:40.182461,87,602956b3334db9039b69daf692533a7f
imotbg,https://www.imot.bg/obiavi/prodazhbi/grad-plovdiv/tsentar/chetiristaen?raioni=5982~5986~5988~5991~6360~,https://www.imot.bg/obiava-1d174583914656870-prodava-chetiristaen-apartament-grad-plovdiv-tsentar-kamenitsa1,214000.0,EUR,2140.0,–ü–ª–æ–≤–¥–∏–≤,–¶–µ–Ω—Ç—ä—Ä,–ø—Ä–æ–¥–∞–≤–∞,—á–µ—Ç–∏—Ä–∏—Å—Ç–∞–µ–Ω,100.0,5,6,–ü—Ä–æ–¥–∞–≤–∞ 4-–°–¢–ê–ï–ù,"100 –∫–≤.–º, –ö–∞–º–µ–Ω–∏—Ü–∞1, 5-—Ç–∏ –µ—Ç. –æ—Ç 6, –í—ä–≤–µ–¥–µ–Ω –≤ –µ–∫—Å–ø–ª–æ–∞—Ç–∞—Ü–∏—è 2000 –≥., –æ—Ñ.50481 –¢—Ä–∏—Å—Ç–∞–µ–Ω –º–æ–Ω–æ–ª–∏—Ç–µ–Ω –∞–ø–∞—Ä—Ç–∞–º–µ–Ω—Ç —Å –∫–≤–∞–¥—Ä–∞—Ç—É—Ä–∞ 100–∫–≤.–º., –ø—Ä–µ–¥—Å—Ç–∞–≤–ª—è–≤–∞—â –¥–≤–µ –≥–æ–ª–µ–º–∏ —Å–ø–∞–ª–Ω–∏, —Ö–æ–ª,  ..., —Ç–µ–ª.: 0888604506",–†–û–ù–ò–ö–û–ú,https://ronikom.imot.bg,6.0,1,2026-02-05 18:16:40.182461,87,4a4a23e183bbedd8e9e7cdd00d7ca3c2
imotbg,https://www.imot.bg/obiavi/prodazhbi/grad-plovdiv/tsentar/chetiristaen?raioni=5982~5986~5988~5991~6360~,https://www.imot.bg/obiava-1d176882398606206-prodava-chetiristaen-apartament-grad-plovdiv-tsentar-mladezhki-halm,214385.0,EUR,1429.23,–ü–ª–æ–≤–¥–∏–≤,–¶–µ–Ω—Ç—ä—Ä,–ø—Ä–æ–¥–∞–≤–∞,—á–µ—Ç–∏—Ä–∏—Å—Ç–∞–µ–Ω,150.0,3,6,–ü—Ä–æ–¥–∞–≤–∞ 4-–°–¢–ê–ï–ù,"150 –∫–≤.–º, –ú–ª–∞–¥–µ–∂–∫–∏ —Ö—ä–ª–º, 3-—Ç–∏ –µ—Ç. –æ—Ç 6, –©–µ –±—ä–¥–µ –≤—ä–≤–µ–¥–µ–Ω –≤ –µ–∫—Å–ø–ª–æ–∞—Ç–∞—Ü–∏—è 2026 –≥., –æ—Ñ.24996   –¢–û–ü –õ–û–ö–ê–¶–ò–Ø! –ü—Ä–µ–¥–ª–∞–≥–∞–º–µ –í–∏ –ß–ï–¢–ò–†–ò–°–¢–ê–ï–ù –ê–ü–ê–†–¢–ê–ú–ï–ù–¢ –≤ –ù–û–í–û–°–¢–†–û–Ø–©–ê —Å–µ –ù–ò–°–ö–ê –°–ì–†–ê–î–ê. –ñ–∏–ª–∏—â–µ—Ç–æ ..., —Ç–µ–ª.: 0883355512",–ê–í–ê–ù–ì–ê–†–î –†–ò–™–õ –ï–°–¢–ï–ô–¢,https://avangardimoti.imot.bg,17.0,1,2026-02-05 18:16:40.182461,87,7eb272f9af001f5d39ae8ffeddf2e235
imotbg,https://www.imot.bg/obiavi/prodazhbi/grad-plovdiv/tsentar/chetiristaen?raioni=5982~5986~5988~5991~6360~,https://www.imot.bg/obiava-1d173375186682357-prodava-chetiristaen-apartament-grad-plovdiv-tsentar-mladezhki-halm,215930.0,EUR,1430.0,–ü–ª–æ–≤–¥–∏–≤,–¶–µ–Ω—Ç—ä—Ä,–ø—Ä–æ–¥–∞–≤–∞,—á–µ—Ç–∏—Ä–∏—Å—Ç–∞–µ–Ω,151.0,4,6,–ü—Ä–æ–¥–∞–≤–∞ 4-–°–¢–ê–ï–ù,"151 –∫–≤.–º, –ú–ª–∞–¥–µ–∂–∫–∏ –•—ä–ª–º, 4-—Ç–∏ –µ—Ç. –æ—Ç 6, –©–µ –±—ä–¥–µ –≤—ä–≤–µ–¥–µ–Ω –≤ –µ–∫—Å–ø–ª–æ–∞—Ç–∞—Ü–∏—è 2026 –≥., –æ—Ñ.21981  –õ–£–ö–°–û–ó–ù–ò –û–ë–©–ò –ß–ê–°–¢–ò !! –¢–û–ü –õ–û–ö–ê–¶–ò–Ø !! –ù–û–í–ê –ú–û–î–ï–†–ù–ê –°–ì–†–ê–î–ê !!   –ü—Ä–µ–¥–ª–∞–≥–∞–º–µ –í–∏ –¥–∞ –∑–∞–∫—É–ø–∏—Ç–µ —á ..., —Ç–µ–ª.: 0883355512",–ê–í–ê–ù–ì–ê–†–î –†–ò–™–õ –ï–°–¢–ï–ô–¢,https://avangardimoti.imot.bg,2.0,1,2026-02-05 18:16:40.182461,87,b9df0e41fcfae7ee84837d35e36b7b48
imotbg,https://www.imot.bg/obiavi/prodazhbi/grad-plovdiv/tsentar/chetiristaen?raioni=5982~5986~5988~5991~6360~,https://www.imot.bg/obiava-1d168778669364378-prodava-chetiristaen-apartament-grad-plovdiv-tsentar,238990.0,EUR,2078.17,–ü–ª–æ–≤–¥–∏–≤,–¶–µ–Ω—Ç—ä—Ä,–ø—Ä–æ–¥–∞–≤–∞,—á–µ—Ç–∏—Ä–∏—Å—Ç–∞–µ–Ω,115.0,,,–ü—Ä–æ–¥–∞–≤–∞ 4-–°–¢–ê–ï–ù,"115 –∫–≤.–º, –í—ä–≤–µ–¥–µ–Ω –≤ –µ–∫—Å–ø–ª–æ–∞—Ç–∞—Ü–∏—è, –û—Ñ. 75660  –ü—Ä–µ–¥–ª–∞–≥–∞–º–µ –í–∏ —á–µ—Ç–∏—Ä–∏—Å—Ç–∞–µ–Ω –∞–ø–∞—Ä—Ç–∞–º–µ–Ω—Ç –≤ —Ü–µ–Ω—Ç—Ä–∞–ª–Ω–∞—Ç–∞ –≥—Ä–∞–¥—Å–∫–∞ —á–∞—Å—Ç. –°—ä—Å—Ç–æ–∏ —Å–µ –æ—Ç –∞–Ω—Ç—Ä–µ, —Ö–æ–ª  ..., —Ç–µ–ª.: 0896338198",–õ–ò–î–ï–†–ê,https://lidera.imot.bg,11.0,1,2026-02-05 18:16:40.182461,87,5331f5a87494327110f13565d4d0b768
imotbg,https://www.imot.bg/obiavi/prodazhbi/grad-plovdiv/tsentar/chetiristaen?raioni=5982~5986~5988~5991~6360~,https://www.imot.bg/obiava-1d171397129696521-prodava-chetiristaen-apartament-grad-plovdiv-tsentar-do-glavnata-ulitsa,245000.0,EUR,1944.44,–ü–ª–æ–≤–¥–∏–≤,–¶–µ–Ω—Ç—ä—Ä,–ø—Ä–æ–¥–∞–≤–∞,—á–µ—Ç–∏—Ä–∏—Å—Ç–∞–µ–Ω,126.0,3,4,–ü—Ä–æ–¥–∞–≤–∞ 4-–°–¢–ê–ï–ù,"126 –∫–≤.–º, –¥–æ –ì–ª–∞–≤–Ω–∞—Ç–∞ —É–ª–∏—Ü–∞, 3-—Ç–∏ –µ—Ç. –æ—Ç 4, –û—Ñ–µ—Ä—Ç–∞ 3008. –ü—Ä–µ–¥–ª–∞–≥–∞–º–µ –í–∏ —á–µ—Ç–∏—Ä–∏—Å—Ç–∞–µ–Ω –º–æ–Ω–æ–ª–∏—Ç, —Å —Ä–µ–∞–ª–Ω–∞ –∫–≤–¥–∞—Ä–∞—Ç—É—Ä–∞, —Ä–∞–∑–ø–æ–ª–æ–∂–µ–Ω –≤ –∏–¥–µ–∞–ª–Ω–∏—è —Ü–µ–Ω—Ç—ä—Ä –Ω–∞ ..., —Ç–µ–ª.: 0897812066",–î–ò–ê–ù–ê,https://dianaimoti.imot.bg,12.0,1,2026-02-05 18:16:40.182461,87,f30bc33d0e90ae508c9ae9b0fca1bc39
imotbg,https://www.imot.bg/obiavi/prodazhbi/grad-plovdiv/tsentar/chetiristaen?raioni=5982~5986~5988~5991~6360~,https://www.imot.bg/obiava-1d176060429136054-prodava-chetiristaen-apartament-grad-plovdiv-tsentar-vsi,254900.0,EUR,1734.01,–ü–ª–æ–≤–¥–∏–≤,–¶–µ–Ω—Ç—ä—Ä,–ø—Ä–æ–¥–∞–≤–∞,—á–µ—Ç–∏—Ä–∏—Å—Ç–∞–µ–Ω,147.0,5,5,–ü—Ä–æ–¥–∞–≤–∞ 4-–°–¢–ê–ï–ù,"147 –∫–≤.–º, –í–°–ò, 5-—Ç–∏ –µ—Ç. –æ—Ç 5, –í—ä–≤–µ–¥–µ–Ω –≤ –µ–∫—Å–ø–ª–æ–∞—Ç–∞—Ü–∏—è 2010 –≥., –û—Ñ–µ—Ä—Ç–∞ 42987. –ü—Ä–æ—Å—Ç–æ—Ä–µ–Ω –∞–ø–∞—Ä—Ç–∞–º–µ–Ω—Ç –Ω–∞ –¥–≤–µ –Ω–∏–≤–∞, —Å —Ç—Ä–∏ —Å–ø–∞–ª–Ω–∏, –Ω–∞–º–∏—Ä–∞—â —Å–µ –≤ –º–∞–ª–∫–∞ –∫–æ–æ–ø–µ—Ä–∞—Ü–∏—è, –ø–æ—Å—Ç—Ä–æ–µ ..., —Ç–µ–ª.: 0888527872",–ò–ù–í–ï–°–¢–ê,https://investa.imot.bg,17.0,1,2026-02-05 18:16:40.182461,87,f092a8ab4e60d4f75ec093257b7e0498
imotbg,https://www.imot.bg/obiavi/prodazhbi/grad-plovdiv/tsentar/chetiristaen?raioni=5982~5986~5988~5991~6360~,https://www.imot.bg/obiava-1d174359447071280-prodava-chetiristaen-apartament-grad-plovdiv-tsentar-stariya-grad,254999.0,EUR,2499.99,–ü–ª–æ–≤–¥–∏–≤,–¶–µ–Ω—Ç—ä—Ä,–ø—Ä–æ–¥–∞–≤–∞,—á–µ—Ç–∏—Ä–∏—Å—Ç–∞–µ–Ω,102.0,2,5,–ü—Ä–æ–¥–∞–≤–∞ 4-–°–¢–ê–ï–ù,"102 –∫–≤.–º, –°—Ç–∞—Ä–∏—è –≥—Ä–∞–¥, 2-—Ä–∏ –µ—Ç. –æ—Ç 5, –í—ä–≤–µ–¥–µ–Ω –≤ –µ–∫—Å–ø–ª–æ–∞—Ç–∞—Ü–∏—è, –æ—Ñ.22770  –°–†–ï–î–ï–ù –ï–¢–ê–ñ! –†–ï–ê–õ–ù–ê –ö–í–ê–î–†–ê–¢–£–†–ê! –ü—Ä–µ–¥—Å—Ç–∞–≤—è–º–µ –í–∏ —á–µ—Ç–∏—Ä–∏—Å—Ç–∞–µ–Ω –∞–ø–∞—Ä—Ç–∞–º–µ–Ω—Ç —Å—ä—Å —Å–ª–µ–¥–Ω–æ—Ç–æ —Ä–∞–∑–ø—Ä–µ–¥ ..., —Ç–µ–ª.: 0883355598",–ê–í–ê–ù–ì–ê–†–î –†–ò–™–õ –ï–°–¢–ï–ô–¢,https://avangardimoti.imot.bg,17.0,1,2026-02-05 18:16:40.182461,87,b109e2aa1de3a3b83b198f4d68851451
imotbg,https://www.imot.bg/obiavi/prodazhbi/grad-plovdiv/tsentar/chetiristaen?raioni=5982~5986~5988~5991~6360~,https://www.imot.bg/obiava-1d175206862159905-prodava-chetiristaen-apartament-grad-plovdiv-tsentar,255000.0,EUR,2500.0,–ü–ª–æ–≤–¥–∏–≤,–¶–µ–Ω—Ç—ä—Ä,–ø—Ä–æ–¥–∞–≤–∞,—á–µ—Ç–∏—Ä–∏—Å—Ç–∞–µ–Ω,102.0,,,–ü—Ä–æ–¥–∞–≤–∞ 4-–°–¢–ê–ï–ù,"102 –∫–≤.–º, –í—ä–≤–µ–¥–µ–Ω –≤ –µ–∫—Å–ø–ª–æ–∞—Ç–∞—Ü–∏—è 1998 –≥., –ö–æ–º–ø–∞–Ω–∏—è `–•` –ø—Ä–µ–¥—Å—Ç–∞–≤—è –Ω–∞ –í–∞—à–µ—Ç–æ –≤–Ω–∏–º–∞–Ω–∏–µ –ß–µ—Ç–∏—Ä–∏—Å—Ç–∞–µ–Ω –∞–ø–∞—Ä—Ç–∞–º–µ–Ω—Ç –≤ –¶–µ–Ω—Ç—ä—Ä–∞.  –ú–ï–°–¢–û–ü–û–õ–û–ñ–ï–ù–ò–ï: –¶–µ–Ω—Ç—ä—Ä—ä ..., —Ç–µ–ª.: 0887779990",–ï–ö–° –ù–í–î –û–û–î,https://xnvd_plovdiv.imot.bg,10.0,1,2026-02-05 18:16:40.182461,87,b109e2aa1de3a3b83b198f4d68851451
imotbg,https://www.imot.bg/obiavi/prodazhbi/grad-plovdiv/tsentar/chetiristaen?raioni=5982~5986~5988~5991~6360~,https://www.imot.bg/obiava-1d175430927645533-prodava-chetiristaen-apartament-grad-plovdiv-tsentar,255000.0,EUR,1734.69,–ü–ª–æ–≤–¥–∏–≤,–¶–µ–Ω—Ç—ä—Ä,–ø—Ä–æ–¥–∞–≤–∞,—á–µ—Ç–∏—Ä–∏—Å—Ç–∞–µ–Ω,147.0,,,–ü—Ä–æ–¥–∞–≤–∞ 4-–°–¢–ê–ï–ù,"147 –∫–≤.–º, –í—ä–≤–µ–¥–µ–Ω –≤ –µ–∫—Å–ø–ª–æ–∞—Ç–∞—Ü–∏—è, –û–§–ï–†–¢–ê 84613:  ‚ú® –ü—Ä–æ—Å—Ç–æ—Ä–µ–Ω –æ–±–∑–∞–≤–µ–¥–µ–Ω –º–µ–∑–æ–Ω–µ—Ç —Å 3 —Å–ø–∞–ª–Ω–∏ –¥–æ —Ü–µ–Ω—Ç—ä—Ä–∞ –Ω–∞ –ü–ª–æ–≤–¥–∏–≤   –±—É—Ç–∏–∫–æ–≤–∞ —Å–≥—Ä–∞ ..., —Ç–µ–ª.: 0898 707 800",–†–ò–ú–ï–ö–° –ò–ú–û–¢–ò,https://rimex.imot.bg,17.0,1,2026-02-05 18:16:40.182461,87,071414bc6bb749f77a0668f61b0ccc34
imotbg,https://www.imot.bg/obiavi/prodazhbi/grad-plovdiv/tsentar/chetiristaen?raioni=5982~5986~5988~5991~6360~,https://www.imot.bg/obiava-1d175145653942208-prodava-chetiristaen-apartament-grad-plovdiv-tsentar,256150.0,EUR,2613.78,–ü–ª–æ–≤–¥–∏–≤,–¶–µ–Ω—Ç—ä—Ä,–ø—Ä–æ–¥–∞–≤–∞,—á–µ—Ç–∏—Ä–∏—Å—Ç–∞–µ–Ω,98.0,2,5,–ü—Ä–æ–¥–∞–≤–∞ 4-–°–¢–ê–ï–ù,"98 –∫–≤.–º, 2-—Ä–∏ –µ—Ç. –æ—Ç 5, –í—ä–≤–µ–¥–µ–Ω –≤ –µ–∫—Å–ø–ª–æ–∞—Ç–∞—Ü–∏—è 1998 –≥., ? –ê–≥–µ–Ω—Ü–∏—è –ù–æ–º–∞–¥ –í–∏ –ø—Ä–µ–¥—Å—Ç–∞–≤—è –º–Ω–æ–≥–æ—Å—Ç–∞–µ–Ω –∞–ø–∞—Ä—Ç–∞–º–µ–Ω—Ç 98–∫–≤.–º —Å —é–∂–Ω–æ –∏–∑–ª–æ–∂–µ–Ω–∏–µ –≤ —Ä–∞–π–æ–Ω –¶–µ–Ω—Ç—Ä–∞–ª–µ–Ω.    –•–∞—Ä ..., —Ç–µ–ª.: 0882212828",–ù–û–ú–ê–î,https://nomade.imot.bg,15.0,1,2026-02-05 18:16:40.182461,87,d3aa427c240ade61a9ddd5424a792d00
imotbg,https://www.imot.bg/obiavi/prodazhbi/grad-plovdiv/tsentar/chetiristaen?raioni=5982~5986~5988~5991~6360~,https://www.imot.bg/obiava-1d175464621702956-prodava-chetiristaen-apartament-grad-plovdiv-tsentar,257500.0,EUR,2524.51,–ü–ª–æ–≤–¥–∏–≤,–¶–µ–Ω—Ç—ä—Ä,–ø—Ä–æ–¥–∞–≤–∞,—á–µ—Ç–∏—Ä–∏—Å—Ç–∞–µ–Ω,102.0,2,5,–ü—Ä–æ–¥–∞–≤–∞ 4-–°–¢–ê–ï–ù,"102 –∫–≤.–º, 2-—Ä–∏ –µ—Ç. –æ—Ç 5, –í—ä–≤–µ–¥–µ–Ω –≤ –µ–∫—Å–ø–ª–æ–∞—Ç–∞—Ü–∏—è 1992 –≥., üôè –° –≤—Å—è–∫–∞ —Å–¥–µ–ª–∫–∞ –Ω–∏–µ –æ—Ç Diamond Home –ø–æ–º–∞–≥–∞–º–µ! üíé –î–∞—Ä—è–≤–∞–º–µ –ø—Ä–æ—Ü–µ–Ω—Ç –æ—Ç –Ω–∞—à–∞—Ç–∞ –∫–æ–º–∏—Å–∏–æ–Ω ..., —Ç–µ–ª.: 0883382222",–î–ê–ô–ú–™–ù–î –•–û–£–ú –ë–™–õ–ì–ê–†–ò–Ø –ï–û–û–î,https://diamondhome.imot.bg,16.0,1,2026-02-05 18:16:40.182461,87,49ba4c8b5ea2913767f9717a8c8b3c1d
imotbg,https://www.imot.bg/obiavi/prodazhbi/grad-plovdiv/tsentar/chetiristaen?raioni=5982~5986~5988~5991~6360~,https://www.imot.bg/obiava-1d171092220214726-prodava-chetiristaen-apartament-grad-plovdiv-tsentar-ul-gladston,280000.0,EUR,2333.33,–ü–ª–æ–≤–¥–∏–≤,–¶–µ–Ω—Ç—ä—Ä,–ø—Ä–æ–¥–∞–≤–∞,—á–µ—Ç–∏—Ä–∏—Å—Ç–∞–µ–Ω,120.0,2,3,–ü—Ä–æ–¥–∞–≤–∞ 4-–°–¢–ê–ï–ù,"120 –∫–≤.–º, —É–ª. –ì–ª–∞–¥—Å—Ç–æ–Ω, 2-—Ä–∏ –µ—Ç. –æ—Ç 3, –¢–ï–¶, –í—ä–≤–µ–¥–µ–Ω –≤ –µ–∫—Å–ø–ª–æ–∞—Ç–∞—Ü–∏—è 1950 - 1959 –≥., –ö–æ–º–ø–∞—Å –ø—Ä–æ–ø—ä—Ä—Ç–∏ –ø—Ä–µ–¥–ª–∞–≥–∞ –µ—Ç–∞–∂ –æ—Ç –∫—ä—â–∞ –≤ —Ü–µ–Ω—Ç—ä—Ä–∞ –Ω–∞ –ü–ª–æ–≤–¥–∏–≤, —É–ª. –ì–ª–∞—Å—Ç–æ–Ω, –¥–æ —É–ª. –†–∞–¥–µ—Ü–∫–∏.   –ü–õ–û–©: 120 ..., —Ç–µ–ª.: 0898453334",–ö–û–ú–ü–ê–° –ü–†–û–ü–™–†–¢–ò,https://compassproperty.imot.bg,14.0,1,2026-02-05 18:16:40.182461,87,1cb43297c84d277c0123d5a0ff528fdc
imotbg,https://www.imot.bg/obiavi/prodazhbi/grad-plovdiv/tsentar/chetiristaen?raioni=5982~5986~5988~5991~6360~,https://www.imot.bg/obiava-1d170066178022692-prodava-chetiristaen-apartament-grad-plovdiv-tsentar-evmolpiya,285599.0,EUR,1866.66,–ü–ª–æ–≤–¥–∏–≤,–¶–µ–Ω—Ç—ä—Ä,–ø—Ä–æ–¥–∞–≤–∞,—á–µ—Ç–∏—Ä–∏—Å—Ç–∞–µ–Ω,153.0,2,4,–ü—Ä–æ–¥–∞–≤–∞ 4-–°–¢–ê–ï–ù,"153 –∫–≤.–º, –ï–≤–º–æ–ª–ø–∏—è, 2-—Ä–∏ –µ—Ç. –æ—Ç 4, –í—ä–≤–µ–¥–µ–Ω –≤ –µ–∫—Å–ø–ª–æ–∞—Ç–∞—Ü–∏—è, –æ—Ñ.20075 –¢–û–ü –õ–û–ö–ê–¶–ò–Ø ! –°–†–ï–î–ï–ù –ï–¢–ê–ñ ! –†–ï–ê–õ–ù–ê –ö–í–ê–î–†–ê–¢–£–†–ê ! –¢–ê–í–ê–ù–°–ö–û –ü–û–ú–ï–©–ï–ù–ò–ï ! –ê–≤–∞–Ω–≥–∞—Ä–¥ –†–∏—ä–ª –ï—Å—Ç–µ–π—Ç –∏ ..., —Ç–µ–ª.: 0883355516",–ê–í–ê–ù–ì–ê–†–î –†–ò–™–õ –ï–°–¢–ï–ô–¢,https://avangardimoti.imot.bg,17.0,1,2026-02-05 18:16:40.182461,87,3e065dacb10873128951b5535f6a0012
imotbg,https://www.imot.bg/obiavi/prodazhbi/grad-plovdiv/tsentar/chetiristaen?raioni=5982~5986~5988~5991~6360~,https://www.imot.bg/obiava-1d176580596321909-prodava-chetiristaen-apartament-grad-plovdiv-tsentar-bunardzhika,287000.0,EUR,2333.33,–ü–ª–æ–≤–¥–∏–≤,–¶–µ–Ω—Ç—ä—Ä,–ø—Ä–æ–¥–∞–≤–∞,—á–µ—Ç–∏—Ä–∏—Å—Ç–∞–µ–Ω,123.0,2,6,–ü—Ä–æ–¥–∞–≤–∞ 4-–°–¢–ê–ï–ù,"123 –∫–≤.–º, –ë—É–Ω–∞—Ä–¥–∂–∏–∫–∞ , 2-—Ä–∏ –µ—Ç. –æ—Ç 6, –í—ä–≤–µ–¥–µ–Ω –≤ –µ–∫—Å–ø–ª–æ–∞—Ç–∞—Ü–∏—è, –ß—É–¥–µ—Å–µ–Ω –∞–ø–∞—Ä—Ç–∞–º–µ–Ω—Ç —Å—ä—Å 3 –°–ø–∞–ª–Ω–∏! –°—ä—Å —Å—Ç—Ä–∞—Ö–æ—Ç–Ω–∞ –≥–ª–µ–¥–∫–∞ –∫—ä–º —Ç–µ–ø–µ—Ç–æ –∏ –≥—Ä–∞–¥–∞! –ò–∑–ª–æ–∂–µ–Ω–∏–µ –∏–∑—Ç–æ–∫- –∑–∞–ø–∞–¥- —é–≥ ..., —Ç–µ–ª.: 0893631970",–ú–î –ò–ú–û–¢–ò –ì–†–£–ü,https://md_imotigrup.imot.bg,9.0,1,2026-02-05 18:16:40.182461,87,1201488660f05ebf2fcf6be2b79e1d45
imotbg,https://www.imot.bg/obiavi/prodazhbi/grad-plovdiv/tsentar/chetiristaen?raioni=5982~5986~5988~5991~6360~,https://www.imot.bg/obiava-1d171050374669856-prodava-chetiristaen-apartament-grad-plovdiv-tsentar,289900.0,EUR,1449.5,–ü–ª–æ–≤–¥–∏–≤,–¶–µ–Ω—Ç—ä—Ä,–ø—Ä–æ–¥–∞–≤–∞,—á–µ—Ç–∏—Ä–∏—Å—Ç–∞–µ–Ω,200.0,3,5,–ü—Ä–æ–¥–∞–≤–∞ 4-–°–¢–ê–ï–ù,"200 –∫–≤.–º, 3-—Ç–∏ –µ—Ç. –æ—Ç 5, –í—ä–≤–µ–¥–µ–Ω –≤ –µ–∫—Å–ø–ª–æ–∞—Ç–∞—Ü–∏—è, –û—Ñ. 78624 –ü—Ä–µ–¥–ª–∞–≥–∞–º–µ –í–∏ –º–µ–∑–æ–Ω–µ—Ç –Ω–∞ –∫–æ–º—É–Ω–∏–∫–∞—Ç–∏–≤–Ω–æ –º—è—Å—Ç–æ –≤ –∫–≤. –ú–∞—Ä–∞—à–∞. –°–≥—Ä–∞–¥–∞—Ç–∞ –µ –º–∞–ª–∫–∞ –∏ –º–æ–Ω–æ–ª–∏—Ç–Ω–∞. –ú ..., —Ç–µ–ª.: 0896338198",–õ–ò–î–ï–†–ê,https://lidera.imot.bg,16.0,1,2026-02-05 18:16:40.182461,87,6ecea60414bf7ef33fb5bb024c9eb2ab
imotbg,https://www.imot.bg/obiavi/prodazhbi/grad-plovdiv/tsentar/chetiristaen?raioni=5982~5986~5988~5991~6360~,https://www.imot.bg/obiava-1d176313178478654-prodava-chetiristaen-apartament-grad-plovdiv-tsentar-kamenitsa-1,298146.0,EUR,1875.13,–ü–ª–æ–≤–¥–∏–≤,–¶–µ–Ω—Ç—ä—Ä,–ø—Ä–æ–¥–∞–≤–∞,—á–µ—Ç–∏—Ä–∏—Å—Ç–∞–µ–Ω,159.0,3,4,–ü—Ä–æ–¥–∞–≤–∞ 4-–°–¢–ê–ï–ù,"159 –∫–≤.–º, –ö–∞–º–µ–Ω–∏—Ü–∞ 1, 3-—Ç–∏ –µ—Ç. –æ—Ç 4, –í—ä–≤–µ–¥–µ–Ω –≤ –µ–∫—Å–ø–ª–æ–∞—Ç–∞—Ü–∏—è, –æ—Ñ.24536  –¢–û–ü –õ–û–ö–ê–¶–ò–Ø !! –ö–ê–ú–ï–ù–ò–¶–ê 1 !! –í–™–ó–ú–û–ñ–ù–û–°–¢ –ó–ê –ó–ê–ö–£–ü–£–í–ê–ù–ï –ù–ê –ì–ê–†–ê–ñ –ó–ê –î–í–ï –ö–û–õ–ò !  –ü—Ä–µ–¥–ª–∞–≥–∞–º–µ –í ..., —Ç–µ–ª.: 0883355516",–ê–í–ê–ù–ì–ê–†–î –†–ò–™–õ –ï–°–¢–ï–ô–¢,https://avangardimoti.imot.bg,15.0,1,2026-02-05 18:16:40.182461,87,b9647843a5b4ef6f8c118c03cd666951
imotbg,https://www.imot.bg/obiavi/prodazhbi/grad-plovdiv/tsentar/chetiristaen?raioni=5982~5986~5988~5991~6360~,https://www.imot.bg/obiava-1d176235287072916-prodava-chetiristaen-apartament-grad-plovdiv-tsentar,300000.0,EUR,2608.7,–ü–ª–æ–≤–¥–∏–≤,–¶–µ–Ω—Ç—ä—Ä,–ø—Ä–æ–¥–∞–≤–∞,—á–µ—Ç–∏—Ä–∏—Å—Ç–∞–µ–Ω,115.0,1,4,–ü—Ä–æ–¥–∞–≤–∞ 4-–°–¢–ê–ï–ù,"115 –∫–≤.–º, 1-–≤–∏ –µ—Ç. –æ—Ç 4, –í—ä–≤–µ–¥–µ–Ω –≤ –µ–∫—Å–ø–ª–æ–∞—Ç–∞—Ü–∏—è, üß≠ –ê–≥–µ–Ω—Ü–∏—è –∑–∞ –Ω–µ–¥–≤–∏–∂–∏–º–∏ –∏–º–æ—Ç–∏ –°–µ–º–µ–µ–Ω –ö–æ–º–ø–∞—Å –ø—Ä–µ–¥–ª–∞–≥–∞: –ü—Ä–æ–¥–∞–≤–∞ —Å–µ –∏–Ω–≤–µ—Å—Ç–∏—Ü–∏–æ–Ω–µ–Ω –∏–º–æ—Ç –≤ —Ü–µ–Ω—Ç—ä—Ä–∞ ..., —Ç–µ–ª.: 0889192900",–°–ï–ú–ï–ï–ù –ö–û–ú–ü–ê–°  –ï–û–û–î,https://semeencompass.imot.bg,17.0,1,2026-02-05 18:16:40.182461,87,fbc3b85dec4544a640cebd1d1349f61f
imotbg,https://www.imot.bg/obiavi/prodazhbi/grad-plovdiv/tsentar/chetiristaen?raioni=5982~5986~5988~5991~6360~,https://www.imot.bg/obiava-1d173045875684008-prodava-chetiristaen-apartament-grad-plovdiv-tsentar,305000.0,EUR,3426.97,–ü–ª–æ–≤–¥–∏–≤,–¶–µ–Ω—Ç—ä—Ä,–ø—Ä–æ–¥–∞–≤–∞,—á–µ—Ç–∏—Ä–∏—Å—Ç–∞–µ–Ω,89.0,,,–ü—Ä–æ–¥–∞–≤–∞ 4-–°–¢–ê–ï–ù,"89 –∫–≤.–º, 1960 - 1969 –≥., –ö–æ–º–ø–∞–Ω–∏—è `–•` –ø—Ä–µ–¥—Å—Ç–∞–≤—è –Ω–∞ –í–∞—à–µ—Ç–æ –≤–Ω–∏–º–∞–Ω–∏–µ —á–µ—Ç–∏—Ä–∏—Å—Ç–∞–µ–Ω –∞–ø–∞—Ä—Ç–∞–º–µ–Ω—Ç –≤ —Ü–µ–Ω—Ç—ä—Ä–∞ –Ω–∞ –ü–ª–æ–≤–¥–∏–≤!  –ú–ï–°–¢–û–ü–û–õ–û–ñ–ï–ù ..., —Ç–µ–ª.: 0887779990",–ï–ö–° –ù–í–î –û–û–î,https://xnvd_plovdiv.imot.bg,12.0,1,2026-02-05 18:16:40.182461,87,37a8b37c7f95d1ec071d88372ae3cabc
imotbg,https://www.imot.bg/obiavi/prodazhbi/grad-plovdiv/tsentar/chetiristaen?raioni=5982~5986~5988~5991~6360~,https://www.imot.bg/obiava-1d175905445062073-prodava-chetiristaen-apartament-grad-plovdiv-tsentar-bul-vasil-aprilov,320000.0,EUR,2500.0,–ü–ª–æ–≤–¥–∏–≤,–¶–µ–Ω—Ç—ä—Ä,–ø—Ä–æ–¥–∞–≤–∞,—á–µ—Ç–∏—Ä–∏—Å—Ç–∞–µ–Ω,128.0,3,9,–ü—Ä–æ–¥–∞–≤–∞ 4-–°–¢–ê–ï–ù,"128 –∫–≤.–º, –±—É–ª. –í–∞—Å–∏–ª –ê–ø—Ä–∏–ª–æ–≤, 3-—Ç–∏ –µ—Ç. –æ—Ç 9, –í—ä–≤–µ–¥–µ–Ω –≤ –µ–∫—Å–ø–ª–æ–∞—Ç–∞—Ü–∏—è 1980 - 1989 –≥., ‚ú® –ö–ª—é—á—ä—Ç –∫—ä–º –í–∞—à–∏—è –º–µ—á—Ç–∞–Ω –¥–æ–º! –ü—Ä–æ—Å—Ç–æ—Ä–µ–Ω —á–µ—Ç–∏—Ä–∏—Å—Ç–∞–µ–Ω –∞–ø–∞—Ä—Ç–∞–º–µ–Ω—Ç —Å –ì–ê–†–ê–ñ –≤ —Å—ä—Ä—Ü–µ—Ç–æ –Ω–∞ –ü–ª–æ–≤–¥–∏–≤! ..., —Ç–µ–ª.: 0899 106 423",–ï–ô–ß –ï–ô–ß –ü–†–û–ü–™–†–¢–ò –ï–û–û–î,https://hhproperties.imot.bg,17.0,1,2026-02-05 18:16:40.182461,87,dc6de0989e2ab7099b82657b0f5fb19d
imotbg,https://www.imot.bg/obiavi/prodazhbi/grad-plovdiv/tsentar/chetiristaen?raioni=5982~5986~5988~5991~6360~,https://www.imot.bg/obiava-1d166202179190117-prodava-chetiristaen-apartament-grad-plovdiv-tsentar-trimontsium,339999.0,EUR,3777.77,–ü–ª–æ–≤–¥–∏–≤,–¶–µ–Ω—Ç—ä—Ä,–ø—Ä–æ–¥–∞–≤–∞,—á–µ—Ç–∏—Ä–∏—Å—Ç–∞–µ–Ω,90.0,2,6,–ü—Ä–æ–¥–∞–≤–∞ 4-–°–¢–ê–ï–ù,"90 –∫–≤.–º, –¢—Ä–∏–º–æ–Ω—Ü–∏—É–º, 2-—Ä–∏ –µ—Ç. –æ—Ç 6, –í—ä–≤–µ–¥–µ–Ω –≤ –µ–∫—Å–ø–ª–æ–∞—Ç–∞—Ü–∏—è, –æ—Ñ.14939 –¢–û–ü –õ–û–ö–ê–¶–ò–Ø –¢–†–ò–ú–û–ù–¶–ò–£–ú!!! –†–ï–ê–õ–ù–ê –ö–í–ê–î–†–ê–¢–£–†–ê !!! –ü—Ä–µ–¥–ª–∞–≥–∞–º–µ –≤–∏ —Å—Ç—Ä–∞—Ö–æ—Ç–Ω–æ –∂–∏–ª–∏—â–µ –≤ –¶–ï–ù–¢–™–†–ê –ù–ê ..., —Ç–µ–ª.: 0883355596",–ê–í–ê–ù–ì–ê–†–î –†–ò–™–õ –ï–°–¢–ï–ô–¢,https://avangardimoti.imot.bg,8.0,1,2026-02-05 18:16:40.182461,87,d636a6af563d0996bfb8d27c67af6688
imotbg,https://www.imot.bg/obiavi/prodazhbi/grad-plovdiv/tsentar/chetiristaen?raioni=5982~5986~5988~5991~6360~,https://www.imot.bg/obiava-1d176495510092673-prodava-chetiristaen-apartament-grad-plovdiv-tsentar,340000.0,EUR,3090.91,–ü–ª–æ–≤–¥–∏–≤,–¶–µ–Ω—Ç—ä—Ä,–ø—Ä–æ–¥–∞–≤–∞,—á–µ—Ç–∏—Ä–∏—Å—Ç–∞–µ–Ω,110.0,2,6,–ü—Ä–æ–¥–∞–≤–∞ 4-–°–¢–ê–ï–ù,"110 –∫–≤.–º, 2-—Ä–∏ –µ—Ç. –æ—Ç 6, –í—ä–≤–µ–¥–µ–Ω –≤ –µ–∫—Å–ø–ª–æ–∞—Ç–∞—Ü–∏—è 1960 - 1969 –≥., –û—Ñ.17121 –ê–≥–µ–Ω—Ü–∏—è –∑–∞ –Ω–µ–¥–≤–∏–∂–∏–º–∏ –∏–º–æ—Ç–∏ ' –ö—Ä–∏—Å—Ç–∞–ª ' –ø—Ä–µ–¥–ª–∞–≥–∞ –∑–∞ –ø—Ä–æ–¥–∞–∂–±–∞ 4- —Å—Ç–∞–µ–Ω –Ω–∞–ø—ä–ª–Ω–æ –æ–±–∑–∞–≤–µ–¥–µ–Ω –∞–ø–∞—Ä ..., —Ç–µ–ª.: 088709 08 09",–ö–†–ò–°–¢–ê–õ,https://crystal.imot.bg,8.0,1,2026-02-05 18:16:40.182461,87,f15a44a4a171b150067b5ffe63a0e66d
imotbg,https://www.imot.bg/obiavi/prodazhbi/grad-plovdiv/tsentar/chetiristaen?raioni=5982~5986~5988~5991~6360~,https://www.imot.bg/obiava-1d170446371750617-prodava-chetiristaen-apartament-grad-plovdiv-tsentar,340000.0,EUR,3090.91,–ü–ª–æ–≤–¥–∏–≤,–¶–µ–Ω—Ç—ä—Ä,–ø—Ä–æ–¥–∞–≤–∞,—á–µ—Ç–∏—Ä–∏—Å—Ç–∞–µ–Ω,110.0,2,6,–ü—Ä–æ–¥–∞–≤–∞ 4-–°–¢–ê–ï–ù,"110 –∫–≤.–º, 2-—Ä–∏ –µ—Ç. –æ—Ç 6, –í—ä–≤–µ–¥–µ–Ω –≤ –µ–∫—Å–ø–ª–æ–∞—Ç–∞—Ü–∏—è, –ê–≥–µ–Ω—Ü–∏—è—Ç–∞ –∑–∞ –Ω–µ–¥–≤–∏–∂–∏–º–∏ –∏–º–æ—Ç–∏   Diamond Home   –í–∏ –ø—Ä–µ–¥—Å—Ç–∞–≤—è —á–µ—Ç–∏—Ä–∏—Å—Ç–∞–µ–Ω –Ω–∞–ø—ä–ª–Ω–æ –æ–±–∑–∞–≤–µ–¥–µ–Ω –∞–ø–∞—Ä—Ç–∞–º–µ–Ω—Ç  ..., —Ç–µ–ª.: 0883382222",–î–ê–ô–ú–™–ù–î –•–û–£–ú –ë–™–õ–ì–ê–†–ò–Ø –ï–û–û–î,https://diamondhome.imot.bg,16.0,1,2026-02-05 18:16:40.182461,87,f15a44a4a171b150067b5ffe63a0e66d
imotbg,https://www.imot.bg/obiavi/prodazhbi/grad-plovdiv/tsentar/chetiristaen?raioni=5982~5986~5988~5991~6360~,https://www.imot.bg/obiava-1d174972499640197-prodava-chetiristaen-apartament-grad-plovdiv-tsentar-do-gradskata-gradina,369000.0,EUR,3208.7,–ü–ª–æ–≤–¥–∏–≤,–¶–µ–Ω—Ç—ä—Ä,–ø—Ä–æ–¥–∞–≤–∞,—á–µ—Ç–∏—Ä–∏—Å—Ç–∞–µ–Ω,115.0,4,6,–ü—Ä–æ–¥–∞–≤–∞ 4-–°–¢–ê–ï–ù,"115 –∫–≤.–º, –î–æ –ì—Ä–∞–¥—Å–∫–∞—Ç–∞ –≥—Ä–∞–¥–∏–Ω–∞, 4-—Ç–∏ –µ—Ç. –æ—Ç 6, –í—ä–≤–µ–¥–µ–Ω –≤ –µ–∫—Å–ø–ª–æ–∞—Ç–∞—Ü–∏—è 2025 –≥., –û—Ñ–µ—Ä—Ç–∞ 4064. –ü—Ä–µ–¥–ª–∞–≥–∞–º–µ –í–∏ —á–µ—Ç–∏—Ä–∏—Å—Ç–∞–µ–Ω, –Ω–æ–≤, –º–æ–Ω–æ–ª–∏—Ç–µ–Ω –∞–ø–∞—Ä—Ç–∞–º–µ–Ω—Ç, —Ä–∞–∑–ø–æ–ª–æ–∂–µ–Ω –≤ –∏–¥–µ–∞–ª–Ω–∏—è —Ü–µ–Ω—Ç—ä—Ä –Ω–∞ –≥ ..., —Ç–µ–ª.: 0897812066",–î–ò–ê–ù–ê,https://dianaimoti.imot.bg,8.0,1,2026-02-05 18:16:40.182461,87,71fd2ffbd6f3ec99d9e2036cae80dfa0
imotbg,https://www.imot.bg/obiavi/prodazhbi/grad-plovdiv/tsentar/chetiristaen?raioni=5982~5986~5988~5991~6360~,https://www.imot.bg/obiava-1d174075873223108-prodava-chetiristaen-apartament-grad-plovdiv-tsentar-ul-antim-1,370000.0,EUR,3083.33,–ü–ª–æ–≤–¥–∏–≤,–¶–µ–Ω—Ç—ä—Ä,–ø—Ä–æ–¥–∞–≤–∞,—á–µ—Ç–∏—Ä–∏—Å—Ç–∞–µ–Ω,120.0,2,3,–ü—Ä–æ–¥–∞–≤–∞ 4-–°–¢–ê–ï–ù,"120 –∫–≤.–º, –£–õ –ê–ù–¢–ò–ú 1, 2-—Ä–∏ –µ—Ç. –æ—Ç 3, –ò–ó–ö–õ–Æ–ß–ò–¢–ï–õ–ù–ê –û–§–ï–†–¢–ê –í –ò–î–ï–ê–õ–ù–ò–Ø –¶–ï–ù–¢–™–†!! - –ü–†–ï–î–õ–ê–ì–ê–ú–ï –í–ò –ß–ï–¢–ò–†–ò–°–¢–ê–ï–ù –ê–†–ò–°–¢–û–ö–†–ê–¢–ò–ß–ï–ù –ê–ü–ê–†–¢–ê–ú–ï–ù–¢ –í –ë–õ–ò–ó ..., —Ç–µ–ª.: 0896817950",–ò–º–æ—Ç –∫–æ–Ω—Å—É–ª—Ç,https://imotkonsult.imot.bg,12.0,1,2026-02-05 18:16:40.182461,87,fa3b25a41d459c03cbbbfff101df3e5f
imotbg,https://www.imot.bg/obiavi/prodazhbi/grad-plovdiv/tsentar/chetiristaen?raioni=5982~5986~5988~5991~6360~,https://www.imot.bg/obiava-1d165570447154280-prodava-chetiristaen-apartament-grad-plovdiv-tsentar,376000.0,EUR,2000.0,–ü–ª–æ–≤–¥–∏–≤,–¶–µ–Ω—Ç—ä—Ä,–ø—Ä–æ–¥–∞–≤–∞,—á–µ—Ç–∏—Ä–∏—Å—Ç–∞–µ–Ω,188.0,10,11,–ü—Ä–æ–¥–∞–≤–∞ 4-–°–¢–ê–ï–ù,"188 –∫–≤.–º, 10-—Ç–∏ –µ—Ç. –æ—Ç 11, 2010 –≥., –ë—É–ª –ü—Ä–æ–ø—ä—Ä—Ç–∏—Å –ï–û–û–î, –ø—Ä–µ–¥–ª–∞–≥–∞ –∑–∞ –ø—Ä–æ–¥–∞–∂–±–∞ —Å–ª–µ–¥–Ω–æ—Ç–æ –∂–∏–ª–∏—â–µ, –∞ –∏–º–µ–Ω–Ω–æ: –ê–ø–∞—Ä—Ç–∞–º–µ–Ω—Ç —Ä–∞–∑–ø–æ–ª–æ–∂–µ–Ω –Ω–∞ –¥–µ—Å–µ—Ç–∏  ..., —Ç–µ–ª.: 0887811051",–ë–£–õ –ü–†–û–ü–™–†–¢–ò–°,https://bul_properties.imot.bg,15.0,1,2026-02-05 18:16:40.182461,87,f3dc1163dfa9c09f8cf3f79d0025dc7c
imotbg,https://www.imot.bg/obiavi/prodazhbi/grad-plovdiv/tsentar/chetiristaen?raioni=5982~5986~5988~5991~6360~,https://www.imot.bg/obiava-1d176407977033240-prodava-chetiristaen-apartament-grad-plovdiv-tsentar,410000.0,EUR,2192.51,–ü–ª–æ–≤–¥–∏–≤,–¶–µ–Ω—Ç—ä—Ä,–ø—Ä–æ–¥–∞–≤–∞,—á–µ—Ç–∏—Ä–∏—Å—Ç–∞–µ–Ω,187.0,5,12,–ü—Ä–æ–¥–∞–≤–∞ 4-–°–¢–ê–ï–ù,"187 –∫–≤.–º, 5-—Ç–∏ –µ—Ç. –æ—Ç 12, –í—ä–≤–µ–¥–µ–Ω –≤ –µ–∫—Å–ø–ª–æ–∞—Ç–∞—Ü–∏—è 2015 –≥., –®–ò–†–û–ö –¶–ï–ù–¢–™–†!!! –ê–ü–ê–†–¢–ê–ú–ï–ù–¢ –° –¢–†–ò –°–ü–ê–õ–ù–ò!!! –î–í–ï –ü–û–î–ó–ï–ú–ù–ò –ü–ê–†–ö–û–ú–ï–°–¢–ê!!! –°–†–ï–î–ï–ù –ï–¢–ê–ñ!!!  –ê–≥–µ–Ω—Ü–∏—è DREAM  ..., —Ç–µ–ª.: 0896687801",–î–†–ò–ô–ú –•–ê–£–° –ò–ú–û–¢–ò,https://dream_house1608.imot.bg,17.0,1,2026-02-05 18:16:40.182461,87,cfe233492eeb5009935ec2d005d1796c
imotbg,https://www.imot.bg/obiavi/prodazhbi/grad-plovdiv/tsentar/chetiristaen?raioni=5982~5986~5988~5991~6360~,https://www.imot.bg/obiava-1d176892287081777-prodava-chetiristaen-apartament-grad-plovdiv-tsentar,450000.0,EUR,4500.0,–ü–ª–æ–≤–¥–∏–≤,–¶–µ–Ω—Ç—ä—Ä,–ø—Ä–æ–¥–∞–≤–∞,—á–µ—Ç–∏—Ä–∏—Å—Ç–∞–µ–Ω,100.0,2,5,–ü—Ä–æ–¥–∞–≤–∞ 4-–°–¢–ê–ï–ù,"100 –∫–≤.–º, 2-—Ä–∏ –µ—Ç. –æ—Ç 5, –í—ä–≤–µ–¥–µ–Ω –≤ –µ–∫—Å–ø–ª–æ–∞—Ç–∞—Ü–∏—è 1970 - 1979 –≥., –ó–∞ –ø–æ–≤–µ—á–µ –∏–Ω—Ñ–æ—Ä–º–∞—Ü–∏—è –æ–±–∞–¥–µ—Ç–µ –Ω–∏ —Å–µ –Ω–∞ —Ç–µ–ª: 0882 817 466 –∏–ª–∏ 032 586 956 –∏ —Ü–∏—Ç–∏—Ä–∞–π—Ç–µ —Ä–µ—Ñ–µ—Ä–µ–Ω—Ç–Ω–∏—è –Ω–æ–º–µ ..., —Ç–µ–ª.: 0882817466",–ë–™–õ–ì–ï–†–ò–ê–ù –ü–†–û–ü–ï–†–¢–ò–° –ü–õ–û–í–î–ò–í,https://plvbulprop.imot.bg,14.0,1,2026-02-05 18:16:40.182461,87,4cb204f221f6cb55a1ab21ffffdf8420
imotbg,https://www.imot.bg/obiavi/prodazhbi/grad-plovdiv/tsentar/chetiristaen?raioni=5982~5986~5988~5991~6360~,https://www.imot.bg/obiava-1d176156059343092-prodava-chetiristaen-apartament-grad-plovdiv-tsentar,452380.0,EUR,3185.77,–ü–ª–æ–≤–¥–∏–≤,–¶–µ–Ω—Ç—ä—Ä,–ø—Ä–æ–¥–∞–≤–∞,—á–µ—Ç–∏—Ä–∏—Å—Ç–∞–µ–Ω,142.0,1,7,–ü—Ä–æ–¥–∞–≤–∞ 4-–°–¢–ê–ï–ù,"142 –∫–≤.–º, 1-–≤–∏ –µ—Ç. –æ—Ç 7, –©–µ –±—ä–¥–µ –≤—ä–≤–µ–¥–µ–Ω –≤ –µ–∫—Å–ø–ª–æ–∞—Ç–∞—Ü–∏—è 2028 –≥., 0% –ö–û–ú–ò–°–ò–û–ù - –¶–ï–ù–ò –î–ò–†–ï–ö–¢–ù–û –û–¢ –ò–ù–í–ï–°–¢–ò–¢–û–†! üì¢ –û–§–ï–†–¢–ê:15798 ‚óè –ê–≥–µ–Ω—Ü–∏—è –∑–∞ –Ω–µ–¥–≤–∏–∂–∏–º–∏ –∏–º–æ—Ç–∏ ..., —Ç–µ–ª.: 0894 274 966",–ì–û–õ–î –ò–ú–û–¢–ò,https://gold_imoti.imot.bg,5.0,1,2026-02-05 18:16:40.182461,87,26e2814fcf8f61b5d9ee9e075fba616b
imotbg,https://www.imot.bg/obiavi/prodazhbi/grad-plovdiv/tsentar/chetiristaen?raioni=5982~5986~5988~5991~6360~,https://www.imot.bg/obiava-1d176753531877550-prodava-chetiristaen-apartament-grad-plovdiv-tsentar,452384.0,EUR,3208.4,–ü–ª–æ–≤–¥–∏–≤,–¶–µ–Ω—Ç—ä—Ä,–ø—Ä–æ–¥–∞–≤–∞,—á–µ—Ç–∏—Ä–∏—Å—Ç–∞–µ–Ω,141.0,2,7,–ü—Ä–æ–¥–∞–≤–∞ 4-–°–¢–ê–ï–ù,"141 –∫–≤.–º, 2-—Ä–∏ –µ—Ç. –æ—Ç 7, 2028 –≥., –ë–ò–õ–î–ò–ù–ì –ë–û–ö–° –∏–º–∞ —É–¥–æ–≤–æ–ª—Å—Ç–≤–∏–µ—Ç–æ –¥–∞ –í–∏ –ø—Ä–µ–¥—Å—Ç–∞–≤–∏ —á–µ—Ç–∏—Ä–∏—Å—Ç–∞–µ–Ω –∞–ø–∞—Ä—Ç–∞–º–µ–Ω—Ç –∑–∞ –ø—Ä–æ–¥–∞–∂–±–∞ –≤ –¶–µ–Ω—Ç—ä—Ä–∞ –Ω–∞ –≥—Ä–∞–¥  ..., —Ç–µ–ª.: 0879900984",–ë–ò–õ–î–ò–ù–ì –ë–û–ö–°,https://buildingbox.imot.bg,6.0,1,2026-02-05 18:16:40.182461,87,0ec73ed26bb4a9a947bbd095f3dda16f
imotbg,https://www.imot.bg/obiavi/prodazhbi/grad-plovdiv/tsentar/chetiristaen?raioni=5982~5986~5988~5991~6360~,https://www.imot.bg/obiava-1d176753513268399-prodava-chetiristaen-apartament-grad-plovdiv-tsentar,470730.0,EUR,2998.28,–ü–ª–æ–≤–¥–∏–≤,–¶–µ–Ω—Ç—ä—Ä,–ø—Ä–æ–¥–∞–≤–∞,—á–µ—Ç–∏—Ä–∏—Å—Ç–∞–µ–Ω,157.0,2,7,–ü—Ä–æ–¥–∞–≤–∞ 4-–°–¢–ê–ï–ù,"157 –∫–≤.–º, 2-—Ä–∏ –µ—Ç. –æ—Ç 7, 2028 –≥., –ë–ò–õ–î–ò–ù–ì –ë–û–ö–° –∏–º–∞ —É–¥–æ–≤–æ–ª—Å—Ç–≤–∏–µ—Ç–æ –¥–∞ –í–∏ –ø—Ä–µ–¥—Å—Ç–∞–≤–∏ —á–µ—Ç–∏—Ä–∏—Å—Ç–∞–µ–Ω –∞–ø–∞—Ä—Ç–∞–º–µ–Ω—Ç –∑–∞ –ø—Ä–æ–¥–∞–∂–±–∞ –≤ –¶–µ–Ω—Ç—ä—Ä–∞ –Ω–∞ –≥—Ä–∞–¥  ..., —Ç–µ–ª.: 0879900984",–ë–ò–õ–î–ò–ù–ì –ë–û–ö–°,https://buildingbox.imot.bg,6.0,1,2026-02-05 18:16:40.182461,87,890854a24f7986cf2f9d87d6eb2ccd68
imotbg,https://www.imot.bg/obiavi/prodazhbi/grad-plovdiv/tsentar/chetiristaen?raioni=5982~5986~5988~5991~6360~,https://www.imot.bg/obiava-1d175507286526215-prodava-chetiristaen-apartament-grad-plovdiv-tsentar-ul-bulair,398000.0,EUR,2287.36,–ü–ª–æ–≤–¥–∏–≤,–¶–µ–Ω—Ç—ä—Ä,–ø—Ä–æ–¥–∞–≤–∞,—á–µ—Ç–∏—Ä–∏—Å—Ç–∞–µ–Ω,174.0,3,4,–ü—Ä–æ–¥–∞–≤–∞ 4-–°–¢–ê–ï–ù,"174 –∫–≤.–º, —É–ª.–ë—É–ª–∞–∏—Ä, 3-—Ç–∏ –µ—Ç. –æ—Ç 4, –©–µ –±—ä–¥–µ –≤—ä–≤–µ–¥–µ–Ω –≤ –µ–∫—Å–ø–ª–æ–∞—Ç–∞—Ü–∏—è 2028 –≥., Capital Residence    –∂–∏–ª–∏—â–µ–Ω –ø—Ä–æ–µ–∫—Ç –≤ —Å—ä—Ä—Ü–µ—Ç–æ –Ω–∞ –ü–ª–æ–≤–¥–∏–≤, —Å—ä—á–µ—Ç–∞–≤–∞—â –∏–Ω–æ–≤–∞—Ç–∏–≤–µ–Ω –¥–∏–∑–∞–π–Ω, —Ñ—É–Ω–∫—Ü–∏–æ–Ω–∞–ª–Ω–æ—Å ..., —Ç–µ–ª.: 0888750075",–ö–ï–ü–ò–¢–™–õ –†–ï–ó–ò–î–ï–ù–°,https://capitalresidence.imot.bg,5.0,1,2026-02-05 18:16:40.182461,87,e9f224157bc09a300c36a8a99a0100d6
imotbg,https://www.imot.bg/obiavi/prodazhbi/grad-plovdiv/tsentar/chetiristaen?raioni=5982~5986~5988~5991~6360~,https://www.imot.bg/obiava-1d175508784928709-prodava-chetiristaen-apartament-grad-plovdiv-tsentar-ul-bulair,398800.0,EUR,2540.13,–ü–ª–æ–≤–¥–∏–≤,–¶–µ–Ω—Ç—ä—Ä,–ø—Ä–æ–¥–∞–≤–∞,—á–µ—Ç–∏—Ä–∏—Å—Ç–∞–µ–Ω,157.0,3,7,–ü—Ä–æ–¥–∞–≤–∞ 4-–°–¢–ê–ï–ù,"157 –∫–≤.–º, —É–ª.–ë—É–ª–∞–∏—Ä, 3-—Ç–∏ –µ—Ç. –æ—Ç 7, –©–µ –±—ä–¥–µ –≤—ä–≤–µ–¥–µ–Ω –≤ –µ–∫—Å–ø–ª–æ–∞—Ç–∞—Ü–∏—è 2028 –≥., Capital Residence    –∂–∏–ª–∏—â–µ–Ω –ø—Ä–æ–µ–∫—Ç –≤ —Å—ä—Ä—Ü–µ—Ç–æ –Ω–∞ –ü–ª–æ–≤–¥–∏–≤, —Å—ä—á–µ—Ç–∞–≤–∞—â –∏–Ω–æ–≤–∞—Ç–∏–≤–µ–Ω –¥–∏–∑–∞–π–Ω, —Ñ—É–Ω–∫—Ü–∏–æ–Ω–∞–ª–Ω–æ—Å ..., —Ç–µ–ª.: 0888750075",–ö–ï–ü–ò–¢–™–õ –†–ï–ó–ò–î–ï–ù–°,https://capitalresidence.imot.bg,4.0,1,2026-02-05 18:16:40.182461,87,70b816f3779c41eac33fe9c8c7eed2fd
imotbg,https://www.imot.bg/obiavi/prodazhbi/grad-plovdiv/tsentar/chetiristaen?raioni=5982~5986~5988~5991~6360~,https://www.imot.bg/obiava-1d172967407828739-prodava-chetiristaen-apartament-grad-plovdiv-tsentar,514750.0,EUR,2510.98,–ü–ª–æ–≤–¥–∏–≤,–¶–µ–Ω—Ç—ä—Ä,–ø—Ä–æ–¥–∞–≤–∞,—á–µ—Ç–∏—Ä–∏—Å—Ç–∞–µ–Ω,205.0,6,6,–ü—Ä–æ–¥–∞–≤–∞ 4-–°–¢–ê–ï–ù,"205 –∫–≤.–º, 6-—Ç–∏ –µ—Ç. –æ—Ç 6, –©–µ –±—ä–¥–µ –≤—ä–≤–µ–¥–µ–Ω –≤ –µ–∫—Å–ø–ª–æ–∞—Ç–∞—Ü–∏—è 2026 –≥., LUXIMMO FINEST ESTATES: www.luximmo.bg  –ü—Ä–µ–¥—Å—Ç–∞–≤—è–º–µ –º–Ω–æ–≥–æ—Å—Ç–∞–µ–Ω –∞–ø–∞—Ä—Ç–∞–º–µ–Ω—Ç –≤ —Å–∞–º–æ—Ç–æ —Å—ä—Ä—Ü–µ –Ω–∞ –ü–ª–æ–≤–¥–∏–≤, ..., —Ç–µ–ª.: 0884134482",–õ–£–ö–°–ò–ú–ú–û –ü–õ–û–í–î–ò–í,https://luximmoplovdiv.imot.bg,14.0,1,2026-02-05 18:16:40.182461,87,e2c13c48c8975a032c24559ff2db653d
imotbg,https://www.imot.bg/obiavi/prodazhbi/grad-plovdiv/tsentar/chetiristaen?raioni=5982~5986~5988~5991~6360~,https://www.imot.bg/obiava-1d176166951091182-prodava-chetiristaen-apartament-grad-plovdiv-tsentar,514750.0,EUR,2510.98,–ü–ª–æ–≤–¥–∏–≤,–¶–µ–Ω—Ç—ä—Ä,–ø—Ä–æ–¥–∞–≤–∞,—á–µ—Ç–∏—Ä–∏—Å—Ç–∞–µ–Ω,205.0,6,6,–ü—Ä–æ–¥–∞–≤–∞ 4-–°–¢–ê–ï–ù,"205 –∫–≤.–º, 6-—Ç–∏ –µ—Ç. –æ—Ç 6, –©–µ –±—ä–¥–µ –≤—ä–≤–µ–¥–µ–Ω –≤ –µ–∫—Å–ø–ª–æ–∞—Ç–∞—Ü–∏—è 2026 –≥., –†–µ—Ñ–µ—Ä–µ–Ω—Ç–µ–Ω –Ω–æ–º–µ—Ä: PLV-125924  –ü—Ä–µ–¥—Å—Ç–∞–≤—è–º–µ –º–Ω–æ–≥–æ—Å—Ç–∞–µ–Ω –∞–ø–∞—Ä—Ç–∞–º–µ–Ω—Ç –≤ —Å–∞–º–æ—Ç–æ —Å—ä—Ä—Ü–µ –Ω–∞ –ü–ª–æ–≤–¥–∏–≤, —Ä–∞–∑–ø–æ–ª–æ–∂–µ ..., —Ç–µ–ª.: 0889007010",–°–¢–û–£–ù–•–ê–†–î –ü–†–ï–ú–ò–™–†   –í –°–¢–†–ê–ù–ê–¢–ê –ò –ß–£–ñ–ë–ò–ù–ê,https://stonehardbg.imot.bg,13.0,1,2026-02-05 18:16:40.182461,87,e2c13c48c8975a032c24559ff2db653d
imotbg,https://www.imot.bg/obiavi/prodazhbi/grad-plovdiv/tsentar/chetiristaen?raioni=5982~5986~5988~5991~6360~,https://fakti.bg/world/1032698-volodimir-zelenski-voinata-prodaljava-ukraina-se-nujdae-ot-platena-armia-finansirana-ot-evropa,,,,,,,,12.0,,,"–í–æ–ª–æ–¥–∏–º–∏—Ä –ó–µ–ª–µ–Ω—Å–∫–∏: –í–æ–π–Ω–∞—Ç–∞ –ø—Ä–æ–¥—ä–ª–∂–∞–≤–∞! –£–∫—Ä–∞–π–Ω–∞ —Å–µ –Ω—É–∂–¥–∞–µ –æ—Ç –ø–ª–∞—Ç–µ–Ω–∞ –∞—Ä–º–∏—è, —Ñ–∏–Ω–∞–Ω—Å–∏—Ä–∞–Ω–∞ –æ—Ç –ï–≤—Ä–æ–ø–∞",–ø—Ä–µ–¥–∏ 12 –º–∏–Ω—É—Ç–∏,,,,,2026-02-05 18:16:40.182461,87,b048bd009da09144f6bf56f3d463ab88
imotbg,https://www.imot.bg/obiavi/prodazhbi/grad-plovdiv/tsentar/chetiristaen?raioni=5982~5986~5988~5991~6360~,https://www.imot.bg/obiava-1d175759240325939-prodava-chetiristaen-apartament-grad-plovdiv-tsentar,515000.0,EUR,2464.11,–ü–ª–æ–≤–¥–∏–≤,–¶–µ–Ω—Ç—ä—Ä,–ø—Ä–æ–¥–∞–≤–∞,—á–µ—Ç–∏—Ä–∏—Å—Ç–∞–µ–Ω,209.0,,,–ü—Ä–æ–¥–∞–≤–∞ 4-–°–¢–ê–ï–ù,"209 –∫–≤.–º, –©–µ –±—ä–¥–µ –≤—ä–≤–µ–¥–µ–Ω –≤ –µ–∫—Å–ø–ª–æ–∞—Ç–∞—Ü–∏—è 2026 –≥., –ù–µ –ø—Ä–æ—Å—Ç–æ –∏–º–æ—Ç, –∞ –Ω–∞—á–∏–Ω –Ω–∞ –∂–∏–≤–æ—Ç - –ª—É–∫—Å–æ–∑–µ–Ω –∞–ø–∞—Ä—Ç–∞–º–µ–Ω—Ç –≤ –°—É–ø–µ—Ä –¶–µ–Ω—Ç—ä—Ä   –ö–æ–Ω—Å—É–ª—Ç–∞–Ω—Ç –ù–µ–¥–≤–∏–∂–∏–º–∏ –ò–º–æ—Ç–∏:  ..., —Ç–µ–ª.: 0895501041",–ù–û–í –î–û–ú 1,https://novdom1pd.imot.bg,3.0,1,2026-02-05 18:16:41.828057,87,3e48c492dfbe0ec3a0c4257f679390ca
imotbg,https://www.imot.bg/obiavi/prodazhbi/grad-plovdiv/tsentar/chetiristaen?raioni=5982~5986~5988~5991~6360~,https://www.imot.bg/obiava-1d164795375884602-prodava-chetiristaen-apartament-grad-plovdiv-tsentar-chetvartak-pazara,525222.0,EUR,2387.37,–ü–ª–æ–≤–¥–∏–≤,–¶–µ–Ω—Ç—ä—Ä,–ø—Ä–æ–¥–∞–≤–∞,—á–µ—Ç–∏—Ä–∏—Å—Ç–∞–µ–Ω,220.0,,,–ü—Ä–æ–¥–∞–≤–∞ 4-–°–¢–ê–ï–ù,"220 –∫–≤.–º, –ß–µ—Ç–≤—ä—Ä—Ç—ä–∫ –ø–∞–∑–∞—Ä–∞, üì¢–î–∏—Ä–µ–∫—Ç–Ω–∏ –ø—Ä–æ–¥–∞–∂–±–∏ - –ë–ï–ó –ö–û–ú–ò–°–ò–û–ù!‚ùóüîù ‚úÖ–ü—Ä–µ–¥—Å—Ç–∞–≤—è–º–µ –í–∏ –Ω–∞–π-–Ω–æ–≤–∞—Ç–∞ –∏ –º–æ–¥–µ—Ä ..., —Ç–µ–ª.: 0894419707",–ò–º–æ—Ç –∫–æ–Ω—Å—É–ª—Ç,https://imotkonsult.imot.bg,11.0,1,2026-02-05 18:16:41.828057,87,0d9e80bcc6abbafc53b70b9624fed647
imotbg,https://www.imot.bg/obiavi/prodazhbi/grad-plovdiv/tsentar/chetiristaen?raioni=5982~5986~5988~5991~6360~,https://www.imot.bg/obiava-1d176753494724293-prodava-chetiristaen-apartament-grad-plovdiv-tsentar,562292.0,EUR,2756.33,–ü–ª–æ–≤–¥–∏–≤,–¶–µ–Ω—Ç—ä—Ä,–ø—Ä–æ–¥–∞–≤–∞,—á–µ—Ç–∏—Ä–∏—Å—Ç–∞–µ–Ω,204.0,2,7,–ü—Ä–æ–¥–∞–≤–∞ 4-–°–¢–ê–ï–ù,"204 –∫–≤.–º, 2-—Ä–∏ –µ—Ç. –æ—Ç 7, 2028 –≥., –ë–ò–õ–î–ò–ù–ì –ë–û–ö–° –∏–º–∞ —É–¥–æ–≤–æ–ª—Å—Ç–≤–∏–µ—Ç–æ –¥–∞ –í–∏ –ø—Ä–µ–¥—Å—Ç–∞–≤–∏ —á–µ—Ç–∏—Ä–∏—Å—Ç–∞–µ–Ω –∞–ø–∞—Ä—Ç–∞–º–µ–Ω—Ç –∑–∞ –ø—Ä–æ–¥–∞–∂–±–∞ –≤ –¶–µ–Ω—Ç—ä—Ä–∞ –Ω–∞ –≥—Ä–∞–¥  ..., —Ç–µ–ª.: 0879900984",–ë–ò–õ–î–ò–ù–ì –ë–û–ö–°,https://buildingbox.imot.bg,6.0,1,2026-02-05 18:16:41.828057,87,e10ab0c07beed62a3b793f34d89cdbe1
imotbg,https://www.imot.bg/obiavi/prodazhbi/grad-plovdiv/tsentar/chetiristaen?raioni=5982~5986~5988~5991~6360~,https://www.imot.bg/obiava-1d175982851179558-prodava-chetiristaen-apartament-grad-plovdiv-tsentar,565000.0,EUR,3843.54,–ü–ª–æ–≤–¥–∏–≤,–¶–µ–Ω—Ç—ä—Ä,–ø—Ä–æ–¥–∞–≤–∞,—á–µ—Ç–∏—Ä–∏—Å—Ç–∞–µ–Ω,147.0,3,8,–ü—Ä–æ–¥–∞–≤–∞ 4-–°–¢–ê–ï–ù,"147 –∫–≤.–º, 3-—Ç–∏ –µ—Ç. –æ—Ç 8, –í—ä–≤–µ–¥–µ–Ω –≤ –µ–∫—Å–ø–ª–æ–∞—Ç–∞—Ü–∏—è 2020 –≥., üåü –ü—Ä–æ—Å—Ç–æ—Ä –∏ —É—é—Ç –ø–æ–¥ –µ–¥–∏–Ω –ø–æ–∫—Ä–∏–≤ üåü  –ö–æ–Ω—Å—É–ª—Ç–∞–Ω—Ç –ù–µ–¥–≤–∏–∂–∏–º–∏ –ò–º–æ—Ç–∏: –ï–ª–µ–æ–Ω–æ—Ä–∞ –î–∏–º–∏—Ç—Ä–æ–≤–∞, —Ç ..., —Ç–µ–ª.: 0895501041",–ù–û–í –î–û–ú 1,https://novdom1pd.imot.bg,6.0,1,2026-02-05 18:16:41.828057,87,db7d24b343226746ae17c5bcac80f727
imotbg,https://www.imot.bg/obiavi/prodazhbi/grad-plovdiv/tsentar/chetiristaen?raioni=5982~5986~5988~5991~6360~,https://www.imot.bg/obiava-1d176753558670660-prodava-chetiristaen-apartament-grad-plovdiv-tsentar,677495.0,EUR,3257.19,–ü–ª–æ–≤–¥–∏–≤,–¶–µ–Ω—Ç—ä—Ä,–ø—Ä–æ–¥–∞–≤–∞,—á–µ—Ç–∏—Ä–∏—Å—Ç–∞–µ–Ω,208.0,3,7,–ü—Ä–æ–¥–∞–≤–∞ 4-–°–¢–ê–ï–ù,"208 –∫–≤.–º, 3-—Ç–∏ –µ—Ç. –æ—Ç 7, 2028 –≥., –ë–ò–õ–î–ò–ù–ì –ë–û–ö–° –∏–º–∞ —É–¥–æ–≤–æ–ª—Å—Ç–≤–∏–µ—Ç–æ –¥–∞ –í–∏ –ø—Ä–µ–¥—Å—Ç–∞–≤–∏ —á–µ—Ç–∏—Ä–∏—Å—Ç–∞–µ–Ω –∞–ø–∞—Ä—Ç–∞–º–µ–Ω—Ç –∑–∞ –ø—Ä–æ–¥–∞–∂–±–∞ –≤ –¶–µ–Ω—Ç—ä—Ä–∞ –Ω–∞ –≥—Ä–∞–¥  ..., —Ç–µ–ª.: 0879900984",–ë–ò–õ–î–ò–ù–ì –ë–û–ö–°,https://buildingbox.imot.bg,7.0,1,2026-02-05 18:16:41.828057,87,231314b5f072ac9aee1607e4bdf00520
imotbg,https://www.imot.bg/obiavi/prodazhbi/grad-plovdiv/tsentar/chetiristaen?raioni=5982~5986~5988~5991~6360~,https://www.imot.bg/obiava-1d175509021591189-prodava-chetiristaen-apartament-grad-plovdiv-tsentar-ul-bulair,738750.0,EUR,2122.84,–ü–ª–æ–≤–¥–∏–≤,–¶–µ–Ω—Ç—ä—Ä,–ø—Ä–æ–¥–∞–≤–∞,—á–µ—Ç–∏—Ä–∏—Å—Ç–∞–µ–Ω,348.0,5,5,–ü—Ä–æ–¥–∞–≤–∞ 4-–°–¢–ê–ï–ù,"348 –∫–≤.–º, —É–ª.–ë—É–ª–∞–∏—Ä, 5-—Ç–∏ –µ—Ç. –æ—Ç 5, –©–µ –±—ä–¥–µ –≤—ä–≤–µ–¥–µ–Ω –≤ –µ–∫—Å–ø–ª–æ–∞—Ç–∞—Ü–∏—è 2028 –≥., Capital Residence    –∂–∏–ª–∏—â–µ–Ω –ø—Ä–æ–µ–∫—Ç –≤ —Å—ä—Ä—Ü–µ—Ç–æ –Ω–∞ –ü–ª–æ–≤–¥–∏–≤, —Å—ä—á–µ—Ç–∞–≤–∞—â –∏–Ω–æ–≤–∞—Ç–∏–≤–µ–Ω –¥–∏–∑–∞–π–Ω, —Ñ—É–Ω–∫—Ü–∏–æ–Ω–∞–ª–Ω–æ—Å ..., —Ç–µ–ª.: 0888750075",–ö–ï–ü–ò–¢–™–õ –†–ï–ó–ò–î–ï–ù–°,https://capitalresidence.imot.bg,4.0,1,2026-02-05 18:16:41.828057,87,73a180c268d777c33f435d02bebce501
imotbg,https://www.imot.bg/obiavi/prodazhbi/grad-plovdiv/tsentar/chetiristaen?raioni=5982~5986~5988~5991~6360~,https://www.imot.bg/obiava-1d175525858788315-prodava-chetiristaen-apartament-grad-plovdiv-tsentar-tsentralna-gara,,,,–ü–ª–æ–≤–¥–∏–≤,–¶–µ–Ω—Ç—ä—Ä,–ø—Ä–æ–¥–∞–≤–∞,—á–µ—Ç–∏—Ä–∏—Å—Ç–∞–µ–Ω,175.0,2,7,–ü—Ä–æ–¥–∞–≤–∞ 4-–°–¢–ê–ï–ù,"175 –∫–≤.–º, –¶–µ–Ω—Ç—Ä–∞–ª–Ω–∞ –ì–∞—Ä–∞, 2-—Ä–∏ –µ—Ç. –æ—Ç 7, –©–µ –±—ä–¥–µ –≤—ä–≤–µ–¥–µ–Ω –≤ –µ–∫—Å–ø–ª–æ–∞—Ç–∞—Ü–∏—è 2028 –≥., –æ—Ñ.23870  –õ–£–ö–°–û–ó–ù–ê –°–ì–†–ê–î–ê! –°–†–ï–î–ï–ù –ï–¢–ê–ñ! –ú–ê–¢–ï–†–ò–ê–õ–ò –û–¢ –ù–ê–ô-–í–ò–°–û–ö –ö–õ–ê–°! –ü—Ä–µ–¥—Å—Ç–∞–≤—è–º–µ –í–∏ –ß–ï–¢–ò–†–ò–°–¢–ê–ï–ù  –∞–ø–∞ ..., —Ç–µ–ª.: 0883355531",–ê–í–ê–ù–ì–ê–†–î –†–ò–™–õ –ï–°–¢–ï–ô–¢,https://avangardimoti.imot.bg,5.0,1,2026-02-05 18:16:41.828057,87,65507bc569962b1b57d2b5272cc68339
imotbg,https://www.imot.bg/obiavi/prodazhbi/grad-plovdiv/tsentar/chetiristaen?raioni=5982~5986~5988~5991~6360~,https://fakti.bg/collision/3909-spazi-li-vladimir-putin-obeshtanieto-si-pred-donald-tramp-,,,,,,,,16.0,,,–°–ø–∞–∑–∏ –ª–∏ –í–ª–∞–¥–∏–º–∏—Ä –ü—É—Ç–∏–Ω –æ–±–µ—â–∞–Ω–∏–µ—Ç–æ —Å–∏ –ø—Ä–µ–¥ –î–æ–Ω–∞–ª–¥ –¢—Ä—ä–º–ø?,–ø—Ä–µ–¥–∏ 10 —á–∞—Å–∞  –∏ 16 –º–∏–Ω—É—Ç–∏,,,,,2026-02-05 18:16:41.828057,87,1d61f72cffd6f04ecc33fb6962cd1b10
