id,type,url,time,location,title,description,status,photos,price_value,price_currency,price_per_square_meter,price_period,main_photo,is_favorite,offer_type,property_type,date_added,search_url,total_offers,location_id,num_photos,neighborhoods,main_property_type
1653603,as,https://homes.bg/offer/apartament-za-prodazhba/tristaen-94m2-sofiya-zhk.-strelbishte/as1653603,вчера,"жк. Стрелбище, София","Тристаен, 94m²","Тухла, Необзаведен, ТЕЦ",1,"['https://homes.bg/2025-10-18_2/116113578', 'https://homes.bg/2025-10-18_2/116113579', 'https://homes.bg/2025-10-18_2/116113580', 'https://homes.bg/2025-10-18_2/116113581', 'https://homes.bg/2025-10-18_2/116113582', 'https://homes.bg/2025-10-18_2/116113583', 'https://homes.bg/2025-10-18_2/116113584', 'https://homes.bg/2025-10-18_2/116113585', 'https://homes.bg/2025-10-18_2/116113586', 'https://homes.bg/2025-10-18_2/116113587']",300000.0,EUR,"3,191 EUR/m²",,,False, продажба,PropertyType.TRISTAEN,2025-10-19 06:03:14.975146,https://www.homes.bg/api/offers?currencyId=1&filterOrderBy=0&locationId=1&typeId=ApartmentSell&neighbourhoods%5B%5D=515,116,София,10.0,['Стрелбище'],апартамент
1591701,as,https://homes.bg/offer/apartament-za-prodazhba/ednostaen-32m2-sofiya-zhk.-strelbishte/as1591701,вчера,"жк. Стрелбище, София","Едностаен, 32m²","Тухла, ТЕЦ",1,"['https://homes.bg/2024-11-28_2/112236416', 'https://homes.bg/2024-11-28_2/112236417']",121255.0,EUR,"3,789 EUR/m²",,,False, продажба,PropertyType.EDNOSTAEN,2025-10-19 06:03:14.975210,https://www.homes.bg/api/offers?currencyId=1&filterOrderBy=0&locationId=1&typeId=ApartmentSell&neighbourhoods%5B%5D=515,116,София,2.0,['Стрелбище'],апартамент
1591702,as,https://homes.bg/offer/apartament-za-prodazhba/dvustaen-65m2-sofiya-zhk.-strelbishte/as1591702,вчера,"жк. Стрелбище, София","Двустаен, 65m²","Тухла, ТЕЦ",1,['https://homes.bg/2024-11-28_2/112236418'],242400.0,EUR,"3,729 EUR/m²",,,False, продажба,PropertyType.DVUSTAEN,2025-10-19 06:03:14.975240,https://www.homes.bg/api/offers?currencyId=1&filterOrderBy=0&locationId=1&typeId=ApartmentSell&neighbourhoods%5B%5D=515,116,София,1.0,['Стрелбище'],апартамент
1645472,as,https://homes.bg/offer/apartament-za-prodazhba/dvustaen-62m2-sofiya-zhk.-strelbishte/as1645472,вчера,"жк. Стрелбище, София","Двустаен, 62m²","Тухла, ТЕЦ",1,['https://homes.bg/2025-10-15_2/116057299'],192617.0,EUR,"3,106 EUR/m²",,,False, продажба,PropertyType.DVUSTAEN,2025-10-19 06:03:14.975263,https://www.homes.bg/api/offers?currencyId=1&filterOrderBy=0&locationId=1&typeId=ApartmentSell&neighbourhoods%5B%5D=515,116,София,1.0,['Стрелбище'],апартамент
1613659,as,https://homes.bg/offer/apartament-za-prodazhba/tristaen-140m2-sofiya-zhk.-strelbishte/as1613659,вчера,"жк. Стрелбище, София","Тристаен, 140m²","Тухла, Електричество",1,"['https://homes.bg/2025-07-31_2/115131278', 'https://homes.bg/2025-07-31_2/115131279', 'https://homes.bg/2025-07-31_2/115131280']",450000.0,EUR,"3,214 EUR/m²",,,False, продажба,PropertyType.TRISTAEN,2025-10-19 06:03:14.975287,https://www.homes.bg/api/offers?currencyId=1&filterOrderBy=0&locationId=1&typeId=ApartmentSell&neighbourhoods%5B%5D=515,116,София,3.0,['Стрелбище'],апартамент
1613660,as,https://homes.bg/offer/apartament-za-prodazhba/dvustaen-82m2-sofiya-zhk.-strelbishte/as1613660,вчера,"жк. Стрелбище, София","Двустаен, 82m²","Тухла, Електричество",1,"['https://homes.bg/2025-07-31_2/115131281', 'https://homes.bg/2025-07-31_2/115131283', 'https://homes.bg/2025-07-31_2/115131285']",262000.0,EUR,"3,195 EUR/m²",,,False, продажба,PropertyType.DVUSTAEN,2025-10-19 06:03:14.975311,https://www.homes.bg/api/offers?currencyId=1&filterOrderBy=0&locationId=1&typeId=ApartmentSell&neighbourhoods%5B%5D=515,116,София,3.0,['Стрелбище'],апартамент
1613663,as,https://homes.bg/offer/apartament-za-prodazhba/tristaen-140m2-sofiya-zhk.-strelbishte/as1613663,вчера,"жк. Стрелбище, София","Тристаен, 140m²","Тухла, Електричество",1,"['https://homes.bg/2025-07-31_2/115131298', 'https://homes.bg/2025-07-31_2/115131300', 'https://homes.bg/2025-07-31_2/115131301']",495000.0,EUR,"3,535 EUR/m²",,,False, продажба,PropertyType.TRISTAEN,2025-10-19 06:03:14.975337,https://www.homes.bg/api/offers?currencyId=1&filterOrderBy=0&locationId=1&typeId=ApartmentSell&neighbourhoods%5B%5D=515,116,София,3.0,['Стрелбище'],апартамент
1613655,as,https://homes.bg/offer/apartament-za-prodazhba/tristaen-123m2-sofiya-zhk.-strelbishte/as1613655,вчера,"жк. Стрелбище, София","Тристаен, 123m²","Тухла, Електричество",1,"['https://homes.bg/2025-08-09_2/115262339', 'https://homes.bg/2025-08-09_2/115262341', 'https://homes.bg/2025-08-09_2/115262343', 'https://homes.bg/2025-08-09_2/115262345', 'https://homes.bg/2025-08-09_2/115262347', 'https://homes.bg/2025-08-09_2/115262349']",352735.0,EUR,"2,867 EUR/m²",,,False, продажба,PropertyType.TRISTAEN,2025-10-19 06:03:14.975354,https://www.homes.bg/api/offers?currencyId=1&filterOrderBy=0&locationId=1&typeId=ApartmentSell&neighbourhoods%5B%5D=515,116,София,6.0,['Стрелбище'],апартамент
1635892,as,https://homes.bg/offer/apartament-za-prodazhba/tristaen-97m2-sofiya-zhk.-strelbishte/as1635892,вчера,"жк. Стрелбище, София","Тристаен, 97m²","Тухла, Необзаведен, ТЕЦ",1,"['https://homes.bg/2025-06-28_1/114716281', 'https://homes.bg/2025-06-28_1/114716282', 'https://homes.bg/2025-06-28_1/114716283', 'https://homes.bg/2025-06-28_1/114716284', 'https://homes.bg/2025-06-28_1/114716285', 'https://homes.bg/2025-06-28_1/114716286', 'https://homes.bg/2025-06-28_1/114716287', 'https://homes.bg/2025-06-28_1/114716288', 'https://homes.bg/2025-06-28_1/114716289', 'https://homes.bg/2025-06-28_1/114716290']",335000.0,EUR,"3,453 EUR/m²",,,False, продажба,PropertyType.TRISTAEN,2025-10-19 06:03:14.975372,https://www.homes.bg/api/offers?currencyId=1&filterOrderBy=0&locationId=1&typeId=ApartmentSell&neighbourhoods%5B%5D=515,116,София,10.0,['Стрелбище'],апартамент
1643199,as,https://homes.bg/offer/apartament-za-prodazhba/tristaen-190m2-sofiya-zhk.-strelbishte/as1643199,вчера,"жк. Стрелбище, София","Тристаен, 190m²","Тухла, Обзаведен, ТЕЦ",1,"['https://homes.bg/2025-08-09_1/115256625', 'https://homes.bg/2025-08-09_1/115256626', 'https://homes.bg/2025-08-09_1/115256627', 'https://homes.bg/2025-08-09_1/115256628', 'https://homes.bg/2025-08-09_1/115256629', 'https://homes.bg/2025-08-09_1/115256630', 'https://homes.bg/2025-08-09_1/115256631', 'https://homes.bg/2025-08-09_1/115256632', 'https://homes.bg/2025-08-09_1/115256633', 'https://homes.bg/2025-08-09_1/115256634']",850000.0,EUR,"4,473 EUR/m²",,,False, продажба,PropertyType.TRISTAEN,2025-10-19 06:03:14.975391,https://www.homes.bg/api/offers?currencyId=1&filterOrderBy=0&locationId=1&typeId=ApartmentSell&neighbourhoods%5B%5D=515,116,София,10.0,['Стрелбище'],апартамент
1598605,as,https://homes.bg/offer/apartament-za-prodazhba/tristaen-84m2-sofiya-zhk.-strelbishte/as1598605,вчера,"жк. Стрелбище, София","Тристаен, 84m²","Тухла, ТЕЦ",1,['https://homes.bg/2024-11-28_2/112236415'],242399.0,EUR,"2,885 EUR/m²",,,False, продажба,PropertyType.TRISTAEN,2025-10-19 06:03:14.975405,https://www.homes.bg/api/offers?currencyId=1&filterOrderBy=0&locationId=1&typeId=ApartmentSell&neighbourhoods%5B%5D=515,116,София,1.0,['Стрелбище'],апартамент
1644853,as,https://homes.bg/offer/apartament-za-prodazhba/dvustaen-84m2-sofiya-zhk.-strelbishte/as1644853,вчера,"жк. Стрелбище, София","Двустаен, 84m²","Тухла, ТЕЦ",1,['https://homes.bg/2025-10-15_2/116057305'],242399.0,EUR,"2,885 EUR/m²",,,False, продажба,PropertyType.DVUSTAEN,2025-10-19 06:03:14.975418,https://www.homes.bg/api/offers?currencyId=1&filterOrderBy=0&locationId=1&typeId=ApartmentSell&neighbourhoods%5B%5D=515,116,София,1.0,['Стрелбище'],апартамент
1638225,as,https://homes.bg/offer/apartament-za-prodazhba/dvustaen-45m2-sofiya-zhk.-strelbishte/as1638225,вчера,"жк. Стрелбище, София","Двустаен, 45m²","Панел, ТЕЦ",1,['https://homes.bg/2025-09-11_2/115640620'],160000.0,EUR,"3,555 EUR/m²",,,False, продажба,PropertyType.DVUSTAEN,2025-10-19 06:03:14.975432,https://www.homes.bg/api/offers?currencyId=1&filterOrderBy=0&locationId=1&typeId=ApartmentSell&neighbourhoods%5B%5D=515,116,София,1.0,['Стрелбище'],апартамент
1613760,as,https://homes.bg/offer/apartament-za-prodazhba/dvustaen-85m2-sofiya-zhk.-strelbishte/as1613760,вчера,"жк. Стрелбище, София","Двустаен, 85m²","Тухла, Електричество",1,"['https://homes.bg/2025-08-09_2/115262250', 'https://homes.bg/2025-08-09_2/115262252', 'https://homes.bg/2025-08-09_2/115262254', 'https://homes.bg/2025-08-09_2/115262257', 'https://homes.bg/2025-08-09_2/115262258', 'https://homes.bg/2025-08-09_2/115262260']",242395.0,EUR,"2,851 EUR/m²",,,False, продажба,PropertyType.DVUSTAEN,2025-10-19 06:03:14.975458,https://www.homes.bg/api/offers?currencyId=1&filterOrderBy=0&locationId=1&typeId=ApartmentSell&neighbourhoods%5B%5D=515,116,София,6.0,['Стрелбище'],апартамент
1613762,as,https://homes.bg/offer/apartament-za-prodazhba/tristaen-129m2-sofiya-zhk.-strelbishte/as1613762,вчера,"жк. Стрелбище, София","Тристаен, 129m²","Тухла, Електричество",1,"['https://homes.bg/2025-08-09_2/115262275', 'https://homes.bg/2025-08-09_2/115262277', 'https://homes.bg/2025-08-09_2/115262279', 'https://homes.bg/2025-08-09_2/115262281', 'https://homes.bg/2025-08-09_2/115262284', 'https://homes.bg/2025-08-09_2/115262286']",370465.0,EUR,"2,871 EUR/m²",,,False, продажба,PropertyType.TRISTAEN,2025-10-19 06:03:14.975483,https://www.homes.bg/api/offers?currencyId=1&filterOrderBy=0&locationId=1&typeId=ApartmentSell&neighbourhoods%5B%5D=515,116,София,6.0,['Стрелбище'],апартамент
1613658,as,https://homes.bg/offer/apartament-za-prodazhba/dvustaen-79m2-sofiya-zhk.-strelbishte/as1613658,вчера,"жк. Стрелбище, София","Двустаен, 79m²","Тухла, Електричество",1,"['https://homes.bg/2025-08-09_2/115262376', 'https://homes.bg/2025-08-09_2/115262378', 'https://homes.bg/2025-08-09_2/115262380', 'https://homes.bg/2025-08-09_2/115262382', 'https://homes.bg/2025-08-09_2/115262384', 'https://homes.bg/2025-08-09_2/115262386']",227000.0,EUR,"2,873 EUR/m²",,,False, продажба,PropertyType.DVUSTAEN,2025-10-19 06:03:14.975499,https://www.homes.bg/api/offers?currencyId=1&filterOrderBy=0&locationId=1&typeId=ApartmentSell&neighbourhoods%5B%5D=515,116,София,6.0,['Стрелбище'],апартамент
1644851,as,https://homes.bg/offer/apartament-za-prodazhba/tristaen-110m2-sofiya-zhk.-strelbishte/as1644851,вчера,"жк. Стрелбище, София","Тристаен, 110m²","Тухла, ТЕЦ",1,['https://homes.bg/2025-10-15_2/116057304'],315093.0,EUR,"2,864 EUR/m²",,,False, продажба,PropertyType.TRISTAEN,2025-10-19 06:03:14.975512,https://www.homes.bg/api/offers?currencyId=1&filterOrderBy=0&locationId=1&typeId=ApartmentSell&neighbourhoods%5B%5D=515,116,София,1.0,['Стрелбище'],апартамент
1638189,as,https://homes.bg/offer/apartament-za-prodazhba/ednostaen-45m2-sofiya-zhk.-strelbishte/as1638189,вчера,"жк. Стрелбище, София","Едностаен, 45m²","Панел, ТЕЦ",1,['https://homes.bg/2025-09-11_2/115640621'],160000.0,EUR,"3,555 EUR/m²",,,False, продажба,PropertyType.EDNOSTAEN,2025-10-19 06:03:14.975526,https://www.homes.bg/api/offers?currencyId=1&filterOrderBy=0&locationId=1&typeId=ApartmentSell&neighbourhoods%5B%5D=515,116,София,1.0,['Стрелбище'],апартамент
1613761,as,https://homes.bg/offer/apartament-za-prodazhba/tristaen-123m2-sofiya-zhk.-strelbishte/as1613761,вчера,"жк. Стрелбище, София","Тристаен, 123m²","Тухла, Електричество",1,"['https://homes.bg/2025-08-09_2/115262262', 'https://homes.bg/2025-08-09_2/115262265', 'https://homes.bg/2025-08-09_2/115262267', 'https://homes.bg/2025-08-09_2/115262269', 'https://homes.bg/2025-08-09_2/115262271', 'https://homes.bg/2025-08-09_2/115262273']",352736.0,EUR,"2,867 EUR/m²",,,False, продажба,PropertyType.TRISTAEN,2025-10-19 06:03:14.975541,https://www.homes.bg/api/offers?currencyId=1&filterOrderBy=0&locationId=1&typeId=ApartmentSell&neighbourhoods%5B%5D=515,116,София,6.0,['Стрелбище'],апартамент
1613763,as,https://homes.bg/offer/apartament-za-prodazhba/tristaen-110m2-sofiya-zhk.-strelbishte/as1613763,вчера,"жк. Стрелбище, София","Тристаен, 110m²","Тухла, Електричество",1,"['https://homes.bg/2025-08-09_2/115262288', 'https://homes.bg/2025-08-09_2/115262290', 'https://homes.bg/2025-08-09_2/115262293', 'https://homes.bg/2025-08-09_2/115262295', 'https://homes.bg/2025-08-09_2/115262297', 'https://homes.bg/2025-08-09_2/115262299']",315093.0,EUR,"2,864 EUR/m²",,,False, продажба,PropertyType.TRISTAEN,2025-10-19 06:03:14.975557,https://www.homes.bg/api/offers?currencyId=1&filterOrderBy=0&locationId=1&typeId=ApartmentSell&neighbourhoods%5B%5D=515,116,София,6.0,['Стрелбище'],апартамент
1613764,as,https://homes.bg/offer/apartament-za-prodazhba/ednostaen-67m2-sofiya-zhk.-strelbishte/as1613764,вчера,"жк. Стрелбище, София","Едностаен, 67m²","Тухла, Електричество",1,"['https://homes.bg/2025-08-09_2/115262302', 'https://homes.bg/2025-08-09_2/115262304', 'https://homes.bg/2025-08-09_2/115262306', 'https://homes.bg/2025-08-09_2/115262308', 'https://homes.bg/2025-08-09_2/115262310', 'https://homes.bg/2025-08-09_2/115262312']",193060.0,EUR,"2,881 EUR/m²",,,False, продажба,PropertyType.EDNOSTAEN,2025-10-19 06:03:14.975576,https://www.homes.bg/api/offers?currencyId=1&filterOrderBy=0&locationId=1&typeId=ApartmentSell&neighbourhoods%5B%5D=515,116,София,6.0,['Стрелбище'],апартамент
1613657,as,https://homes.bg/offer/apartament-za-prodazhba/dvustaen-85m2-sofiya-zhk.-strelbishte/as1613657,вчера,"жк. Стрелбище, София","Двустаен, 85m²","Тухла, Електричество",1,"['https://homes.bg/2025-08-09_2/115262364', 'https://homes.bg/2025-08-09_2/115262366', 'https://homes.bg/2025-08-09_2/115262368', 'https://homes.bg/2025-08-09_2/115262370', 'https://homes.bg/2025-08-09_2/115262372', 'https://homes.bg/2025-08-09_2/115262374']",242395.0,EUR,"2,851 EUR/m²",,,False, продажба,PropertyType.DVUSTAEN,2025-10-19 06:03:14.975592,https://www.homes.bg/api/offers?currencyId=1&filterOrderBy=0&locationId=1&typeId=ApartmentSell&neighbourhoods%5B%5D=515,116,София,6.0,['Стрелбище'],апартамент
1613661,as,https://homes.bg/offer/apartament-za-prodazhba/tristaen-123m2-sofiya-zhk.-strelbishte/as1613661,вчера,"жк. Стрелбище, София","Тристаен, 123m²","Тухла, Електричество",1,"['https://homes.bg/2025-07-31_2/115131287', 'https://homes.bg/2025-07-31_2/115131289', 'https://homes.bg/2025-07-31_2/115131290']",405000.0,EUR,"3,292 EUR/m²",,,False, продажба,PropertyType.TRISTAEN,2025-10-19 06:03:14.975608,https://www.homes.bg/api/offers?currencyId=1&filterOrderBy=0&locationId=1&typeId=ApartmentSell&neighbourhoods%5B%5D=515,116,София,3.0,['Стрелбище'],апартамент
1613662,as,https://homes.bg/offer/apartament-za-prodazhba/dvustaen-92m2-sofiya-zhk.-strelbishte/as1613662,вчера,"жк. Стрелбище, София","Двустаен, 92m²","Тухла, Електричество",1,"['https://homes.bg/2025-07-31_2/115131292', 'https://homes.bg/2025-07-31_2/115131294', 'https://homes.bg/2025-07-31_2/115131296']",300000.0,EUR,"3,260 EUR/m²",,,False, продажба,PropertyType.DVUSTAEN,2025-10-19 06:03:14.975622,https://www.homes.bg/api/offers?currencyId=1&filterOrderBy=0&locationId=1&typeId=ApartmentSell&neighbourhoods%5B%5D=515,116,София,3.0,['Стрелбище'],апартамент
1638651,as,https://homes.bg/offer/apartament-za-prodazhba/dvustaen-75m2-sofiya-zhk.-strelbishte/as1638651,вчера,"жк. Стрелбище, София","Двустаен, 75m²","Тухла, Електричество",1,"['https://homes.bg/2025-09-11_2/115640592', 'https://homes.bg/2025-09-11_2/115640593', 'https://homes.bg/2025-09-11_2/115640594', 'https://homes.bg/2025-09-11_2/115640595', 'https://homes.bg/2025-09-11_2/115640596', 'https://homes.bg/2025-09-11_2/115640597', 'https://homes.bg/2025-09-11_2/115640598', 'https://homes.bg/2025-09-11_2/115640599', 'https://homes.bg/2025-09-11_2/115640600', 'https://homes.bg/2025-09-11_2/115640601']",310000.0,EUR,"4,133 EUR/m²",,,False, продажба,PropertyType.DVUSTAEN,2025-10-19 06:03:14.975638,https://www.homes.bg/api/offers?currencyId=1&filterOrderBy=0&locationId=1&typeId=ApartmentSell&neighbourhoods%5B%5D=515,116,София,10.0,['Стрелбище'],апартамент
1613759,as,https://homes.bg/offer/apartament-za-prodazhba/dvustaen-76m2-sofiya-zhk.-strelbishte/as1613759,вчера,"жк. Стрелбище, София","Двустаен, 76m²","Тухла, Електричество",1,"['https://homes.bg/2025-08-09_2/115262236', 'https://homes.bg/2025-08-09_2/115262239', 'https://homes.bg/2025-08-09_2/115262241', 'https://homes.bg/2025-08-09_2/115262244', 'https://homes.bg/2025-08-09_2/115262246', 'https://homes.bg/2025-08-09_2/115262248']",218526.0,EUR,"2,875 EUR/m²",,,False, продажба,PropertyType.DVUSTAEN,2025-10-19 06:03:14.975654,https://www.homes.bg/api/offers?currencyId=1&filterOrderBy=0&locationId=1&typeId=ApartmentSell&neighbourhoods%5B%5D=515,116,София,6.0,['Стрелбище'],апартамент
1613654,as,https://homes.bg/offer/apartament-za-prodazhba/dvustaen-78m2-sofiya-zhk.-strelbishte/as1613654,вчера,"жк. Стрелбище, София","Двустаен, 78m²",Тухла,1,"['https://homes.bg/2025-08-09_2/115262326', 'https://homes.bg/2025-08-09_2/115262328', 'https://homes.bg/2025-08-09_2/115262330', 'https://homes.bg/2025-08-09_2/115262332', 'https://homes.bg/2025-08-09_2/115262334', 'https://homes.bg/2025-08-09_2/115262337']",224596.0,EUR,"2,879 EUR/m²",,,False, продажба,PropertyType.DVUSTAEN,2025-10-19 06:03:14.975668,https://www.homes.bg/api/offers?currencyId=1&filterOrderBy=0&locationId=1&typeId=ApartmentSell&neighbourhoods%5B%5D=515,116,София,6.0,['Стрелбище'],апартамент
1613656,as,https://homes.bg/offer/apartament-za-prodazhba/tristaen-129m2-sofiya-zhk.-strelbishte/as1613656,вчера,"жк. Стрелбище, София","Тристаен, 129m²","Тухла, Електричество",1,"['https://homes.bg/2025-08-09_2/115262351', 'https://homes.bg/2025-08-09_2/115262354', 'https://homes.bg/2025-08-09_2/115262356', 'https://homes.bg/2025-08-09_2/115262358', 'https://homes.bg/2025-08-09_2/115262360', 'https://homes.bg/2025-08-09_2/115262362']",370475.0,EUR,"2,871 EUR/m²",,,False, продажба,PropertyType.TRISTAEN,2025-10-19 06:03:14.975680,https://www.homes.bg/api/offers?currencyId=1&filterOrderBy=0&locationId=1&typeId=ApartmentSell&neighbourhoods%5B%5D=515,116,София,6.0,['Стрелбище'],апартамент
1655159,as,https://homes.bg/offer/apartament-za-prodazhba/dvustaen-62m2-sofiya-zhk.-strelbishte/as1655159,,"жк. Стрелбище, София","Двустаен, 62m²","Тухла, Обзаведен, ТЕЦ",1,"['https://homes.bg/2025-10-17_2/116094425', 'https://homes.bg/2025-10-17_2/116094426', 'https://homes.bg/2025-10-17_2/116094427', 'https://homes.bg/2025-10-17_2/116094428', 'https://homes.bg/2025-10-17_2/116094429', 'https://homes.bg/2025-10-17_2/116094430', 'https://homes.bg/2025-10-17_2/116094431', 'https://homes.bg/2025-10-17_2/116094432', 'https://homes.bg/2025-10-17_2/116094433', 'https://homes.bg/2025-10-17_2/116094434']",200000.0,EUR,"3,225 EUR/m²",,,False, продажба,PropertyType.DVUSTAEN,2025-10-19 06:03:14.975695,https://www.homes.bg/api/offers?currencyId=1&filterOrderBy=0&locationId=1&typeId=ApartmentSell&neighbourhoods%5B%5D=515,116,София,10.0,['Стрелбище'],апартамент
1650951,as,https://homes.bg/offer/apartament-za-prodazhba/dvustaen-60m2-sofiya-zhk.-strelbishte/as1650951,,"жк. Стрелбище, София","Двустаен, 60m²","Панел, Обзаведен",1,"['https://homes.bg/2025-10-16_2/116085379', 'https://homes.bg/2025-10-16_2/116085380', 'https://homes.bg/2025-10-16_2/116085381', 'https://homes.bg/2025-10-16_2/116085382', 'https://homes.bg/2025-10-16_2/116085383', 'https://homes.bg/2025-10-16_2/116085384', 'https://homes.bg/2025-10-16_2/116085385', 'https://homes.bg/2025-10-16_2/116085386', 'https://homes.bg/2025-10-16_2/116085387', 'https://homes.bg/2025-10-16_2/116085388']",228000.0,EUR,"3,800 EUR/m²",,,False, продажба,PropertyType.DVUSTAEN,2025-10-19 06:03:14.975709,https://www.homes.bg/api/offers?currencyId=1&filterOrderBy=0&locationId=1&typeId=ApartmentSell&neighbourhoods%5B%5D=515,116,София,10.0,['Стрелбище'],апартамент
1649957,as,https://homes.bg/offer/apartament-za-prodazhba/dvustaen-65m2-sofiya-zhk.-strelbishte/as1649957,,"жк. Стрелбище, София","Двустаен, 65m²","Панел, Необзаведен, ТЕЦ",1,['https://homes.bg/2025-09-23_1/115763427'],195600.0,EUR,"3,009 EUR/m²",,,False, продажба,PropertyType.DVUSTAEN,2025-10-19 06:03:14.975721,https://www.homes.bg/api/offers?currencyId=1&filterOrderBy=0&locationId=1&typeId=ApartmentSell&neighbourhoods%5B%5D=515,116,София,1.0,['Стрелбище'],апартамент
1610309,as,https://homes.bg/offer/apartament-za-prodazhba/dvustaen-79m2-sofiya-zhk.-strelbishte/as1610309,,"жк. Стрелбище, София","Двустаен, 79m²","Тухла, Необзаведен, ТЕЦ",1,"['https://homes.bg/2025-02-05_2/112935238', 'https://homes.bg/2025-02-05_2/112935237']",227002.0,EUR,"2,873 EUR/m²",,,False, продажба,PropertyType.DVUSTAEN,2025-10-19 06:03:14.975733,https://www.homes.bg/api/offers?currencyId=1&filterOrderBy=0&locationId=1&typeId=ApartmentSell&neighbourhoods%5B%5D=515,116,София,2.0,['Стрелбище'],апартамент
1653929,as,https://homes.bg/offer/apartament-za-prodazhba/tristaen-85m2-sofiya-zhk.-strelbishte/as1653929,,"жк. Стрелбище, София","Тристаен, 85m²","Панел, Полуобзаведен, Електричество",1,"['https://homes.bg/2025-10-14_2/116049387', 'https://homes.bg/2025-10-14_2/116049388', 'https://homes.bg/2025-10-14_2/116049389', 'https://homes.bg/2025-10-14_2/116049390', 'https://homes.bg/2025-10-14_2/116049391', 'https://homes.bg/2025-10-14_2/116049392', 'https://homes.bg/2025-10-14_2/116049393', 'https://homes.bg/2025-10-14_2/116049394', 'https://homes.bg/2025-10-14_2/116049395', 'https://homes.bg/2025-10-14_2/116049396']",275500.0,EUR,"3,241 EUR/m²",,,False, продажба,PropertyType.TRISTAEN,2025-10-19 06:03:14.975748,https://www.homes.bg/api/offers?currencyId=1&filterOrderBy=0&locationId=1&typeId=ApartmentSell&neighbourhoods%5B%5D=515,116,София,10.0,['Стрелбище'],апартамент
1653253,as,https://homes.bg/offer/apartament-za-prodazhba/dvustaen-60m2-sofiya-zhk.-strelbishte/as1653253,,"жк. Стрелбище, София","Двустаен, 60m²","Панел, Обзаведен, ТЕЦ",1,"['https://homes.bg/2025-10-09_2/115978654', 'https://homes.bg/2025-10-09_2/115978657', 'https://homes.bg/2025-10-09_2/115978658', 'https://homes.bg/2025-10-09_2/115978655', 'https://homes.bg/2025-10-09_2/115978656', 'https://homes.bg/2025-10-09_2/115978663', 'https://homes.bg/2025-10-09_2/115978661', 'https://homes.bg/2025-10-09_2/115978664', 'https://homes.bg/2025-10-09_2/115978665']",195900.0,EUR,"3,265 EUR/m²",,,False, продажба,PropertyType.DVUSTAEN,2025-10-19 06:03:14.975762,https://www.homes.bg/api/offers?currencyId=1&filterOrderBy=0&locationId=1&typeId=ApartmentSell&neighbourhoods%5B%5D=515,116,София,9.0,['Стрелбище'],апартамент
1653773,as,https://homes.bg/offer/apartament-za-prodazhba/dvustaen-77m2-sofiya-zhk.-strelbishte/as1653773,,"жк. Стрелбище, София","Двустаен, 77m²","Тухла, Полуобзаведен",1,"['https://homes.bg/2025-10-13_2/116033711', 'https://homes.bg/2025-10-13_2/116033712', 'https://homes.bg/2025-10-13_2/116033713', 'https://homes.bg/2025-10-13_2/116033714', 'https://homes.bg/2025-10-13_2/116033715', 'https://homes.bg/2025-10-13_2/116033716']",290000.0,EUR,"3,766 EUR/m²",,,False, продажба,PropertyType.DVUSTAEN,2025-10-19 06:03:14.975776,https://www.homes.bg/api/offers?currencyId=1&filterOrderBy=0&locationId=1&typeId=ApartmentSell&neighbourhoods%5B%5D=515,116,София,6.0,['Стрелбище'],апартамент
1653781,as,https://homes.bg/offer/apartament-za-prodazhba/tristaen-85m2-sofiya-zhk.-strelbishte/as1653781,,"жк. Стрелбище, София","Тристаен, 85m²","Панел, Полуобзаведен, ТЕЦ",1,"['https://homes.bg/2025-10-13_1/116025322', 'https://homes.bg/2025-10-13_1/116025323', 'https://homes.bg/2025-10-13_1/116025324', 'https://homes.bg/2025-10-13_1/116025325', 'https://homes.bg/2025-10-13_1/116025326', 'https://homes.bg/2025-10-13_1/116025327', 'https://homes.bg/2025-10-13_1/116025328', 'https://homes.bg/2025-10-13_1/116025329', 'https://homes.bg/2025-10-13_1/116025330', 'https://homes.bg/2025-10-13_1/116025331']",275500.0,EUR,"3,241 EUR/m²",,,False, продажба,PropertyType.TRISTAEN,2025-10-19 06:03:14.975793,https://www.homes.bg/api/offers?currencyId=1&filterOrderBy=0&locationId=1&typeId=ApartmentSell&neighbourhoods%5B%5D=515,116,София,10.0,['Стрелбище'],апартамент
1628072,as,https://homes.bg/offer/apartament-za-prodazhba/mnogostaen-216m2-sofiya-zhk.-strelbishte/as1628072,,"жк. Стрелбище, София","Многостаен, 216m²","Тухла, Обзаведен, Прокарва се",1,"['https://homes.bg/2025-05-16_1/114158457', 'https://homes.bg/2025-05-16_1/114158458', 'https://homes.bg/2025-05-16_1/114158459', 'https://homes.bg/2025-05-16_1/114158460', 'https://homes.bg/2025-05-16_1/114158461', 'https://homes.bg/2025-05-16_1/114158462', 'https://homes.bg/2025-05-16_1/114158463', 'https://homes.bg/2025-05-16_1/114158464', 'https://homes.bg/2025-05-16_1/114158465', 'https://homes.bg/2025-05-16_1/114158466']",790000.0,EUR,"3,657 EUR/m²",,,False, продажба,PropertyType.MNOGOSTAEN,2025-10-19 06:03:14.975808,https://www.homes.bg/api/offers?currencyId=1&filterOrderBy=0&locationId=1&typeId=ApartmentSell&neighbourhoods%5B%5D=515,116,София,10.0,['Стрелбище'],апартамент
1653715,as,https://homes.bg/offer/apartament-za-prodazhba/tristaen-97m2-sofiya-zhk.-strelbishte/as1653715,,"жк. Стрелбище, София","Тристаен, 97m²",Тухла,1,"['https://homes.bg/2025-10-11_1/116009652', 'https://homes.bg/2025-10-11_1/116009653', 'https://homes.bg/2025-10-11_1/116009654', 'https://homes.bg/2025-10-11_1/116009655', 'https://homes.bg/2025-10-11_1/116009656', 'https://homes.bg/2025-10-11_1/116009657', 'https://homes.bg/2025-10-11_1/116009658', 'https://homes.bg/2025-10-11_1/116009659', 'https://homes.bg/2025-10-11_1/116009660']",329000.0,EUR,"3,391 EUR/m²",,,False, продажба,PropertyType.TRISTAEN,2025-10-19 06:03:14.975823,https://www.homes.bg/api/offers?currencyId=1&filterOrderBy=0&locationId=1&typeId=ApartmentSell&neighbourhoods%5B%5D=515,116,София,9.0,['Стрелбище'],апартамент
1641078,as,https://homes.bg/offer/apartament-za-prodazhba/tristaen-84m2-sofiya-zhk.-strelbishte/as1641078,,"жк. Стрелбище, София","Тристаен, 84m²","Тухла, Полуобзаведен, ТЕЦ",1,['https://homes.bg/2025-07-30_1/115109554'],420000.0,EUR,"5,000 EUR/m²",,,False, продажба,PropertyType.TRISTAEN,2025-10-19 06:03:14.975834,https://www.homes.bg/api/offers?currencyId=1&filterOrderBy=0&locationId=1&typeId=ApartmentSell&neighbourhoods%5B%5D=515,116,София,1.0,['Стрелбище'],апартамент
1530032,as,https://homes.bg/offer/apartament-za-prodazhba/chetiristaen-150m2-sofiya-zhk.-strelbishte/as1530032,,"жк. Стрелбище, София","Четиристаен, 150m²","ЕПК, Обзаведен, ТЕЦ",1,"['https://homes.bg/2025-10-08_2/115972566', 'https://homes.bg/2025-10-08_2/115972567', 'https://homes.bg/2025-10-08_2/115972568', 'https://homes.bg/2025-10-08_2/115972569', 'https://homes.bg/2025-10-08_2/115972570', 'https://homes.bg/2025-10-08_2/115972571', 'https://homes.bg/2025-10-08_2/115972572', 'https://homes.bg/2025-10-08_2/115972573', 'https://homes.bg/2025-10-08_2/115972574', 'https://homes.bg/2025-10-08_2/115972575']",500000.0,EUR,"3,333 EUR/m²",,,False, продажба,PropertyType.CHETIRISTAEN,2025-10-19 06:03:14.975851,https://www.homes.bg/api/offers?currencyId=1&filterOrderBy=0&locationId=1&typeId=ApartmentSell&neighbourhoods%5B%5D=515,116,София,10.0,['Стрелбище'],апартамент
1634239,as,https://homes.bg/offer/apartament-za-prodazhba/chetiristaen-223m2-sofiya-zhk.-strelbishte/as1634239,,"жк. Стрелбище, София","Четиристаен, 223m²","Тухла, Обзаведен, ТЕЦ",1,"['https://homes.bg/2025-10-08_2/115961999', 'https://homes.bg/2025-10-08_2/115962000', 'https://homes.bg/2025-10-08_2/115962001', 'https://homes.bg/2025-10-08_2/115962002', 'https://homes.bg/2025-10-08_2/115962003', 'https://homes.bg/2025-10-08_2/115962004', 'https://homes.bg/2025-10-08_2/115962005', 'https://homes.bg/2025-10-08_2/115962006', 'https://homes.bg/2025-10-08_2/115962007', 'https://homes.bg/2025-10-08_2/115962008']",790000.0,EUR,"3,542 EUR/m²",,,False, продажба,PropertyType.CHETIRISTAEN,2025-10-19 06:03:14.975867,https://www.homes.bg/api/offers?currencyId=1&filterOrderBy=0&locationId=1&typeId=ApartmentSell&neighbourhoods%5B%5D=515,116,София,10.0,['Стрелбище'],апартамент
1636136,as,https://homes.bg/offer/apartament-za-prodazhba/ednostaen-45m2-sofiya-zhk.-strelbishte/as1636136,,"жк. Стрелбище, София","Едностаен, 45m²","Панел, ТЕЦ",1,"['https://homes.bg/2025-07-01_1/114744356', 'https://homes.bg/2025-07-01_1/114744357', 'https://homes.bg/2025-07-01_1/114744358', 'https://homes.bg/2025-07-01_1/114744359', 'https://homes.bg/2025-07-01_1/114744360', 'https://homes.bg/2025-07-01_1/114744361', 'https://homes.bg/2025-07-01_1/114744362']",160000.0,EUR,"3,555 EUR/m²",,,False, продажба,PropertyType.EDNOSTAEN,2025-10-19 06:03:14.975880,https://www.homes.bg/api/offers?currencyId=1&filterOrderBy=0&locationId=1&typeId=ApartmentSell&neighbourhoods%5B%5D=515,116,София,7.0,['Стрелбище'],апартамент
1589086,as,https://homes.bg/offer/apartament-za-prodazhba/tristaen-132m2-sofiya-zhk.-strelbishte/as1589086,,"жк. Стрелбище, София","Тристаен, 132m²","Тухла, ТЕЦ",1,"['https://homes.bg/2024-09-21_1/111328730', 'https://homes.bg/2024-09-21_1/111328731']",347257.0,EUR,"2,630 EUR/m²",,,False, продажба,PropertyType.TRISTAEN,2025-10-19 06:03:14.975892,https://www.homes.bg/api/offers?currencyId=1&filterOrderBy=0&locationId=1&typeId=ApartmentSell&neighbourhoods%5B%5D=515,116,София,2.0,['Стрелбище'],апартамент
1589080,as,https://homes.bg/offer/apartament-za-prodazhba/tristaen-130m2-sofiya-zhk.-strelbishte/as1589080,,"жк. Стрелбище, София","Тристаен, 130m²","Тухла, ТЕЦ",1,"['https://homes.bg/2024-09-21_1/111328718', 'https://homes.bg/2024-09-21_1/111328719']",370465.0,EUR,"2,849 EUR/m²",,,False, продажба,PropertyType.TRISTAEN,2025-10-19 06:03:14.975904,https://www.homes.bg/api/offers?currencyId=1&filterOrderBy=0&locationId=1&typeId=ApartmentSell&neighbourhoods%5B%5D=515,116,София,2.0,['Стрелбище'],апартамент
1589081,as,https://homes.bg/offer/apartament-za-prodazhba/tristaen-123m2-sofiya-zhk.-strelbishte/as1589081,,"жк. Стрелбище, София","Тристаен, 123m²","Тухла, ТЕЦ",1,"['https://homes.bg/2024-09-21_1/111328720', 'https://homes.bg/2024-09-21_1/111328721']",352736.0,EUR,"2,867 EUR/m²",,,False, продажба,PropertyType.TRISTAEN,2025-10-19 06:03:14.975929,https://www.homes.bg/api/offers?currencyId=1&filterOrderBy=0&locationId=1&typeId=ApartmentSell&neighbourhoods%5B%5D=515,116,София,2.0,['Стрелбище'],апартамент
1589088,as,https://homes.bg/offer/apartament-za-prodazhba/tristaen-98m2-sofiya-zhk.-strelbishte/as1589088,,"жк. Стрелбище, София","Тристаен, 98m²","Тухла, ТЕЦ",1,"['https://homes.bg/2024-09-21_1/111328734', 'https://homes.bg/2024-09-21_1/111328735']",281078.0,EUR,"2,868 EUR/m²",,,False, продажба,PropertyType.TRISTAEN,2025-10-19 06:03:14.975942,https://www.homes.bg/api/offers?currencyId=1&filterOrderBy=0&locationId=1&typeId=ApartmentSell&neighbourhoods%5B%5D=515,116,София,2.0,['Стрелбище'],апартамент
1598987,as,https://homes.bg/offer/apartament-za-prodazhba/dvustaen-85m2-sofiya-zhk.-strelbishte/as1598987,,"жк. Стрелбище, София","Двустаен, 85m²","Тухла, ТЕЦ",1,"['https://homes.bg/2024-11-15_1/112059254', 'https://homes.bg/2024-11-15_1/112059255']",242399.0,EUR,"2,851 EUR/m²",,,False, продажба,PropertyType.DVUSTAEN,2025-10-19 06:03:14.975957,https://www.homes.bg/api/offers?currencyId=1&filterOrderBy=0&locationId=1&typeId=ApartmentSell&neighbourhoods%5B%5D=515,116,София,2.0,['Стрелбище'],апартамент
1589084,as,https://homes.bg/offer/apartament-za-prodazhba/dvustaen-72m2-sofiya-zhk.-strelbishte/as1589084,,"жк. Стрелбище, София","Двустаен, 72m²","Тухла, ТЕЦ",1,"['https://homes.bg/2024-09-21_1/111328726', 'https://homes.bg/2024-09-21_1/111328727']",192616.0,EUR,"2,675 EUR/m²",,,False, продажба,PropertyType.DVUSTAEN,2025-10-19 06:03:14.975971,https://www.homes.bg/api/offers?currencyId=1&filterOrderBy=0&locationId=1&typeId=ApartmentSell&neighbourhoods%5B%5D=515,116,София,2.0,['Стрелбище'],апартамент
1589085,as,https://homes.bg/offer/apartament-za-prodazhba/ednostaen-123m2-sofiya-zhk.-strelbishte/as1589085,,"жк. Стрелбище, София","Едностаен, 123m²","Тухла, ТЕЦ",1,"['https://homes.bg/2024-09-21_1/111328728', 'https://homes.bg/2024-09-21_1/111328729']",272824.0,EUR,"2,218 EUR/m²",,,False, продажба,PropertyType.EDNOSTAEN,2025-10-19 06:03:14.975983,https://www.homes.bg/api/offers?currencyId=1&filterOrderBy=0&locationId=1&typeId=ApartmentSell&neighbourhoods%5B%5D=515,116,София,2.0,['Стрелбище'],апартамент
1589089,as,https://homes.bg/offer/apartament-za-prodazhba/dvustaen-98m2-sofiya-zhk.-strelbishte/as1589089,,"жк. Стрелбище, София","Двустаен, 98m²","Тухла, ТЕЦ",1,"['https://homes.bg/2024-09-21_1/111328736', 'https://homes.bg/2024-09-21_1/111328737']",252467.0,EUR,"2,576 EUR/m²",,,False, продажба,PropertyType.DVUSTAEN,2025-10-19 06:03:14.975996,https://www.homes.bg/api/offers?currencyId=1&filterOrderBy=0&locationId=1&typeId=ApartmentSell&neighbourhoods%5B%5D=515,116,София,2.0,['Стрелбище'],апартамент
1589079,as,https://homes.bg/offer/apartament-za-prodazhba/tristaen-130m2-sofiya-zhk.-strelbishte/as1589079,,"жк. Стрелбище, София","Тристаен, 130m²","Тухла, ТЕЦ",1,"['https://homes.bg/2024-09-21_1/111328716', 'https://homes.bg/2024-09-21_1/111328717']",370465.0,EUR,"2,849 EUR/m²",,,False, продажба,PropertyType.TRISTAEN,2025-10-19 06:03:14.976007,https://www.homes.bg/api/offers?currencyId=1&filterOrderBy=0&locationId=1&typeId=ApartmentSell&neighbourhoods%5B%5D=515,116,София,2.0,['Стрелбище'],апартамент
1589070,as,https://homes.bg/offer/apartament-za-prodazhba/dvustaen-85m2-sofiya-zhk.-strelbishte/as1589070,,"жк. Стрелбище, София","Двустаен, 85m²","Тухла, ТЕЦ",1,"['https://homes.bg/2024-09-21_1/111328672', 'https://homes.bg/2024-09-21_1/111328673']",242399.0,EUR,"2,851 EUR/m²",,,False, продажба,PropertyType.DVUSTAEN,2025-10-19 06:03:14.976018,https://www.homes.bg/api/offers?currencyId=1&filterOrderBy=0&locationId=1&typeId=ApartmentSell&neighbourhoods%5B%5D=515,116,София,2.0,['Стрелбище'],апартамент
1591853,as,https://homes.bg/offer/apartament-za-prodazhba/dvustaen-80m2-sofiya-zhk.-strelbishte/as1591853,,"жк. Стрелбище, София","Двустаен, 80m²","Тухла, ТЕЦ",1,"['https://homes.bg/2024-10-08_1/111538999', 'https://homes.bg/2024-10-08_1/111539000']",227000.0,EUR,"2,837 EUR/m²",,,False, продажба,PropertyType.DVUSTAEN,2025-10-19 06:03:14.976029,https://www.homes.bg/api/offers?currencyId=1&filterOrderBy=0&locationId=1&typeId=ApartmentSell&neighbourhoods%5B%5D=515,116,София,2.0,['Стрелбище'],апартамент
1652084,as,https://homes.bg/offer/apartament-za-prodazhba/dvustaen-45m2-sofiya-zhk.-strelbishte/as1652084,,"жк. Стрелбище, София","Двустаен, 45m²","Тухла, Обзаведен, ТЕЦ",1,"['https://homes.bg/2025-10-03_1/115896519', 'https://homes.bg/2025-10-03_1/115896520', 'https://homes.bg/2025-10-03_1/115896521', 'https://homes.bg/2025-10-03_1/115896522', 'https://homes.bg/2025-10-03_1/115896523', 'https://homes.bg/2025-10-03_1/115896524', 'https://homes.bg/2025-10-03_1/115896525', 'https://homes.bg/2025-10-03_1/115896526', 'https://homes.bg/2025-10-03_1/115896527', 'https://homes.bg/2025-10-03_1/115896528']",208000.0,EUR,"4,622 EUR/m²",,,False, продажба,PropertyType.DVUSTAEN,2025-10-19 06:03:14.976045,https://www.homes.bg/api/offers?currencyId=1&filterOrderBy=0&locationId=1&typeId=ApartmentSell&neighbourhoods%5B%5D=515,116,София,10.0,['Стрелбище'],апартамент
1599959,as,https://homes.bg/offer/apartament-za-prodazhba/tristaen-110m2-sofiya-zhk.-strelbishte/as1599959,,"жк. Стрелбище, София","Тристаен, 110m²","Тухла, Необзаведен",1,"['https://homes.bg/2025-09-30_2/115861687', 'https://homes.bg/2025-09-30_2/115861688']",315093.0,EUR,"2,864 EUR/m²",,,False, продажба,PropertyType.TRISTAEN,2025-10-19 06:03:14.976057,https://www.homes.bg/api/offers?currencyId=1&filterOrderBy=0&locationId=1&typeId=ApartmentSell&neighbourhoods%5B%5D=515,116,София,2.0,['Стрелбище'],апартамент
1650694,as,https://homes.bg/offer/apartament-za-prodazhba/tristaen-108m2-sofiya-zhk.-strelbishte/as1650694,,"жк. Стрелбище, София","Тристаен, 108m²",ЕПК,1,"['https://homes.bg/2025-09-27_2/115833668', 'https://homes.bg/2025-09-27_2/115833669', 'https://homes.bg/2025-09-27_2/115833670', 'https://homes.bg/2025-09-27_2/115833671', 'https://homes.bg/2025-09-27_2/115833672', 'https://homes.bg/2025-09-27_2/115833673', 'https://homes.bg/2025-09-27_2/115833674', 'https://homes.bg/2025-09-27_2/115833675', 'https://homes.bg/2025-09-27_2/115833676', 'https://homes.bg/2025-09-27_2/115833677']",394000.0,EUR,"3,648 EUR/m²",,,False, продажба,PropertyType.TRISTAEN,2025-10-19 06:03:14.976071,https://www.homes.bg/api/offers?currencyId=1&filterOrderBy=0&locationId=1&typeId=ApartmentSell&neighbourhoods%5B%5D=515,116,София,10.0,['Стрелбище'],апартамент
1650690,as,https://homes.bg/offer/apartament-za-prodazhba/dvustaen-51m2-sofiya-zhk.-strelbishte/as1650690,,"жк. Стрелбище, София","Двустаен, 51m²","Тухла, Обзаведен",1,"['https://homes.bg/2025-09-27_2/115833634', 'https://homes.bg/2025-09-27_2/115833635', 'https://homes.bg/2025-09-27_2/115833636', 'https://homes.bg/2025-09-27_2/115833637', 'https://homes.bg/2025-09-27_2/115833638', 'https://homes.bg/2025-09-27_2/115833639', 'https://homes.bg/2025-09-27_2/115833640', 'https://homes.bg/2025-09-27_2/115833641', 'https://homes.bg/2025-09-27_2/115833642', 'https://homes.bg/2025-09-27_2/115833643']",185000.0,EUR,"3,627 EUR/m²",,,False, продажба,PropertyType.DVUSTAEN,2025-10-19 06:03:14.976085,https://www.homes.bg/api/offers?currencyId=1&filterOrderBy=0&locationId=1&typeId=ApartmentSell&neighbourhoods%5B%5D=515,116,София,10.0,['Стрелбище'],апартамент
1649018,as,https://homes.bg/offer/apartament-za-prodazhba/chetiristaen-169m2-sofiya-zhk.-strelbishte/as1649018,,"жк. Стрелбище, София","Четиристаен, 169m²",Тухла,1,"['https://homes.bg/2025-09-26_2/115821948', 'https://homes.bg/2025-09-26_2/115821949', 'https://homes.bg/2025-09-26_2/115821950', 'https://homes.bg/2025-09-26_2/115821951', 'https://homes.bg/2025-09-26_2/115821952', 'https://homes.bg/2025-09-26_2/115821953']",554320.0,EUR,"3,280 EUR/m²",,,False, продажба,PropertyType.CHETIRISTAEN,2025-10-19 06:03:14.976096,https://www.homes.bg/api/offers?currencyId=1&filterOrderBy=0&locationId=1&typeId=ApartmentSell&neighbourhoods%5B%5D=515,116,София,6.0,['Стрелбище'],апартамент
1650612,as,https://homes.bg/offer/apartament-za-prodazhba/tristaen-140m2-sofiya-zhk.-strelbishte/as1650612,,"жк. Стрелбище, София","Тристаен, 140m²","Тухла, Необзаведен, ТЕЦ",1,"['https://homes.bg/2025-09-26_2/115812498', 'https://homes.bg/2025-09-26_2/115812499', 'https://homes.bg/2025-09-26_2/115812500', 'https://homes.bg/2025-09-26_2/115812501']",520000.0,EUR,"3,714 EUR/m²",,,False, продажба,PropertyType.TRISTAEN,2025-10-19 06:03:14.976108,https://www.homes.bg/api/offers?currencyId=1&filterOrderBy=0&locationId=1&typeId=ApartmentSell&neighbourhoods%5B%5D=515,116,София,4.0,['Стрелбище'],апартамент
1636139,as,https://homes.bg/offer/apartament-za-prodazhba/ednostaen-45m2-sofiya-zhk.-strelbishte/as1636139,,"жк. Стрелбище, София","Едностаен, 45m²","Панел, Обзаведен, ТЕЦ",1,['https://homes.bg/2025-09-25_2/115794255'],160000.0,EUR,"3,555 EUR/m²",,,False, продажба,PropertyType.EDNOSTAEN,2025-10-19 06:03:14.976119,https://www.homes.bg/api/offers?currencyId=1&filterOrderBy=0&locationId=1&typeId=ApartmentSell&neighbourhoods%5B%5D=515,116,София,1.0,['Стрелбище'],апартамент
1638894,as,https://homes.bg/offer/apartament-za-prodazhba/dvustaen-50m2-sofiya-zhk.-strelbishte/as1638894,,"жк. Стрелбище, София","Двустаен, 50m²","ЕПК, Обзаведен, ТЕЦ",1,['https://homes.bg/2025-07-18_2/114986879'],190000.0,EUR,"3,800 EUR/m²",,,False, продажба,PropertyType.DVUSTAEN,2025-10-19 06:03:14.976130,https://www.homes.bg/api/offers?currencyId=1&filterOrderBy=0&locationId=1&typeId=ApartmentSell&neighbourhoods%5B%5D=515,116,София,1.0,['Стрелбище'],апартамент
1498935,as,https://homes.bg/offer/apartament-za-prodazhba/dvustaen-74m2-sofiya-zhk.-strelbishte/as1498935,,"жк. Стрелбище, София","Двустаен, 74m²","Тухла, Обзаведен, Електричество",1,"['https://homes.bg/2023-06-13_2/100695969', 'https://homes.bg/2023-06-13_2/100695928', 'https://homes.bg/2023-06-13_2/100695562', 'https://homes.bg/2023-06-13_2/100695605', 'https://homes.bg/2023-06-13_2/100695660', 'https://homes.bg/2023-06-13_2/100695686', 'https://homes.bg/2023-06-13_2/100695761', 'https://homes.bg/2023-06-13_2/100696039', 'https://homes.bg/2023-06-13_2/100696076', 'https://homes.bg/2023-06-13_2/100696236']",310000.0,EUR,"4,189 EUR/m²",,,False, продажба,PropertyType.DVUSTAEN,2025-10-19 06:03:14.976146,https://www.homes.bg/api/offers?currencyId=1&filterOrderBy=0&locationId=1&typeId=ApartmentSell&neighbourhoods%5B%5D=515,116,София,10.0,['Стрелбище'],апартамент
1649315,as,https://homes.bg/offer/apartament-za-prodazhba/dvustaen-45m2-sofiya-zhk.-strelbishte/as1649315,,"жк. Стрелбище, София","Двустаен, 45m²","Панел, Обзаведен, ТЕЦ",1,"['https://homes.bg/2025-09-18_1/115726309', 'https://homes.bg/2025-09-18_1/115726310', 'https://homes.bg/2025-09-18_1/115726317', 'https://homes.bg/2025-09-18_1/115726316', 'https://homes.bg/2025-09-18_1/115726313', 'https://homes.bg/2025-09-18_1/115726315', 'https://homes.bg/2025-09-18_1/115726311', 'https://homes.bg/2025-09-18_1/115726312', 'https://homes.bg/2025-09-18_1/115726314']",216000.0,EUR,"4,800 EUR/m²",,,False, продажба,PropertyType.DVUSTAEN,2025-10-19 06:03:14.976161,https://www.homes.bg/api/offers?currencyId=1&filterOrderBy=0&locationId=1&typeId=ApartmentSell&neighbourhoods%5B%5D=515,116,София,9.0,['Стрелбище'],апартамент
1648007,as,https://homes.bg/offer/apartament-za-prodazhba/tristaen-75m2-sofiya-zhk.-strelbishte/as1648007,,"жк. Стрелбище, София","Тристаен, 75m²","Тухла, Необзаведен, ТЕЦ",1,"['https://homes.bg/2025-09-11_2/115652483', 'https://homes.bg/2025-09-11_2/115652484', 'https://homes.bg/2025-09-11_2/115652485', 'https://homes.bg/2025-09-11_2/115652486', 'https://homes.bg/2025-09-11_2/115652487', 'https://homes.bg/2025-09-11_2/115652488', 'https://homes.bg/2025-09-11_2/115652489', 'https://homes.bg/2025-09-11_2/115652490', 'https://homes.bg/2025-09-11_2/115652491', 'https://homes.bg/2025-09-11_2/115652492']",310000.0,EUR,"4,133 EUR/m²",,,False, продажба,PropertyType.TRISTAEN,2025-10-19 06:03:14.976175,https://www.homes.bg/api/offers?currencyId=1&filterOrderBy=0&locationId=1&typeId=ApartmentSell&neighbourhoods%5B%5D=515,116,София,10.0,['Стрелбище'],апартамент
1612211,as,https://homes.bg/offer/apartament-za-prodazhba/dvustaen-98m2-sofiya-zhk.-strelbishte/as1612211,,"жк. Стрелбище, София","Двустаен, 98m²","Тухла, Необзаведен, ТЕЦ",1,"['https://homes.bg/2025-02-14_2/113042924', 'https://homes.bg/2025-02-14_2/113042923']",252467.0,EUR,"2,576 EUR/m²",,,False, продажба,PropertyType.DVUSTAEN,2025-10-19 06:03:14.976187,https://www.homes.bg/api/offers?currencyId=1&filterOrderBy=0&locationId=1&typeId=ApartmentSell&neighbourhoods%5B%5D=515,116,София,2.0,['Стрелбище'],апартамент
1612220,as,https://homes.bg/offer/apartament-za-prodazhba/tristaen-98m2-sofiya-zhk.-strelbishte/as1612220,,"жк. Стрелбище, София","Тристаен, 98m²","Тухла, Необзаведен, ТЕЦ",1,"['https://homes.bg/2025-02-14_2/113042989', 'https://homes.bg/2025-02-14_2/113042988']",281078.0,EUR,"2,868 EUR/m²",,,False, продажба,PropertyType.TRISTAEN,2025-10-19 06:03:14.976198,https://www.homes.bg/api/offers?currencyId=1&filterOrderBy=0&locationId=1&typeId=ApartmentSell&neighbourhoods%5B%5D=515,116,София,2.0,['Стрелбище'],апартамент
1610286,as,https://homes.bg/offer/apartament-za-prodazhba/dvustaen-73m2-sofiya-zhk.-strelbishte/as1610286,,"жк. Стрелбище, София","Двустаен, 73m²","Тухла, Необзаведен, ТЕЦ",1,"['https://homes.bg/2025-02-05_1/112934947', 'https://homes.bg/2025-02-05_1/112934946']",192617.0,EUR,"2,638 EUR/m²",,,False, продажба,PropertyType.DVUSTAEN,2025-10-19 06:03:14.976211,https://www.homes.bg/api/offers?currencyId=1&filterOrderBy=0&locationId=1&typeId=ApartmentSell&neighbourhoods%5B%5D=515,116,София,2.0,['Стрелбище'],апартамент
1612218,as,https://homes.bg/offer/apartament-za-prodazhba/tristaen-133m2-sofiya-zhk.-strelbishte/as1612218,,"жк. Стрелбище, София","Тристаен, 133m²","Тухла, Необзаведен, ТЕЦ",1,"['https://homes.bg/2025-02-14_2/113042977', 'https://homes.bg/2025-02-14_2/113042976']",347257.0,EUR,"2,610 EUR/m²",,,False, продажба,PropertyType.TRISTAEN,2025-10-19 06:03:14.976222,https://www.homes.bg/api/offers?currencyId=1&filterOrderBy=0&locationId=1&typeId=ApartmentSell&neighbourhoods%5B%5D=515,116,София,2.0,['Стрелбище'],апартамент
1610283,as,https://homes.bg/offer/apartament-za-prodazhba/ednostaen-123m2-sofiya-zhk.-strelbishte/as1610283,,"жк. Стрелбище, София","Едностаен, 123m²","Тухла, Необзаведен, ТЕЦ",1,"['https://homes.bg/2025-02-05_1/112934913', 'https://homes.bg/2025-02-05_1/112934912']",272824.0,EUR,"2,218 EUR/m²",,,False, продажба,PropertyType.EDNOSTAEN,2025-10-19 06:03:14.976233,https://www.homes.bg/api/offers?currencyId=1&filterOrderBy=0&locationId=1&typeId=ApartmentSell&neighbourhoods%5B%5D=515,116,София,2.0,['Стрелбище'],апартамент
1610290,as,https://homes.bg/offer/apartament-za-prodazhba/dvustaen-85m2-sofiya-zhk.-strelbishte/as1610290,,"жк. Стрелбище, София","Двустаен, 85m²","Тухла, Необзаведен, ТЕЦ",1,"['https://homes.bg/2025-02-05_1/112935008', 'https://homes.bg/2025-02-05_1/112935007']",242399.0,EUR,"2,851 EUR/m²",,,False, продажба,PropertyType.DVUSTAEN,2025-10-19 06:03:14.976244,https://www.homes.bg/api/offers?currencyId=1&filterOrderBy=0&locationId=1&typeId=ApartmentSell&neighbourhoods%5B%5D=515,116,София,2.0,['Стрелбище'],апартамент
1612215,as,https://homes.bg/offer/apartament-za-prodazhba/tristaen-130m2-sofiya-zhk.-strelbishte/as1612215,,"жк. Стрелбище, София","Тристаен, 130m²","Тухла, Необзаведен, ТЕЦ",1,"['https://homes.bg/2025-02-14_2/113042951', 'https://homes.bg/2025-02-14_2/113042950']",370465.0,EUR,"2,849 EUR/m²",,,False, продажба,PropertyType.TRISTAEN,2025-10-19 06:03:14.976255,https://www.homes.bg/api/offers?currencyId=1&filterOrderBy=0&locationId=1&typeId=ApartmentSell&neighbourhoods%5B%5D=515,116,София,2.0,['Стрелбище'],апартамент
1612213,as,https://homes.bg/offer/apartament-za-prodazhba/tristaen-123m2-sofiya-zhk.-strelbishte/as1612213,,"жк. Стрелбище, София","Тристаен, 123m²","Тухла, Необзаведен, ТЕЦ",1,"['https://homes.bg/2025-02-14_2/113042926', 'https://homes.bg/2025-02-14_2/113042925']",352736.0,EUR,"2,867 EUR/m²",,,False, продажба,PropertyType.TRISTAEN,2025-10-19 06:03:14.976266,https://www.homes.bg/api/offers?currencyId=1&filterOrderBy=0&locationId=1&typeId=ApartmentSell&neighbourhoods%5B%5D=515,116,София,2.0,['Стрелбище'],апартамент
1647649,as,https://homes.bg/offer/apartament-za-prodazhba/dvustaen-73m2-sofiya-zhk.-strelbishte/as1647649,,"жк. Стрелбище, София","Двустаен, 73m²","ЕПК, Обзаведен, ТЕЦ",1,"['https://homes.bg/2025-09-09_2/115609879', 'https://homes.bg/2025-09-09_2/115609880', 'https://homes.bg/2025-09-09_2/115609875', 'https://homes.bg/2025-09-09_2/115609882', 'https://homes.bg/2025-09-09_2/115609881', 'https://homes.bg/2025-09-09_2/115609873', 'https://homes.bg/2025-09-09_2/115609877', 'https://homes.bg/2025-09-09_2/115609876', 'https://homes.bg/2025-09-09_2/115609878', 'https://homes.bg/2025-09-09_2/115609874']",270000.0,EUR,"3,698 EUR/m²",,,False, продажба,PropertyType.DVUSTAEN,2025-10-19 06:03:14.976281,https://www.homes.bg/api/offers?currencyId=1&filterOrderBy=0&locationId=1&typeId=ApartmentSell&neighbourhoods%5B%5D=515,116,София,10.0,['Стрелбище'],апартамент
1647281,as,https://homes.bg/offer/apartament-za-prodazhba/dvustaen-60m2-sofiya-zhk.-strelbishte/as1647281,,"жк. Стрелбище, София","Двустаен, 60m²","Панел, Обзаведен",1,"['https://homes.bg/2025-09-05_2/115584149', 'https://homes.bg/2025-09-05_2/115584150', 'https://homes.bg/2025-09-05_2/115584151', 'https://homes.bg/2025-09-05_2/115584152', 'https://homes.bg/2025-09-05_2/115584153', 'https://homes.bg/2025-09-05_2/115584154', 'https://homes.bg/2025-09-05_2/115584155', 'https://homes.bg/2025-09-05_2/115584156', 'https://homes.bg/2025-09-05_2/115584157', 'https://homes.bg/2025-09-05_2/115584158']",260000.0,EUR,"4,333 EUR/m²",,,False, продажба,PropertyType.DVUSTAEN,2025-10-19 06:03:14.976298,https://www.homes.bg/api/offers?currencyId=1&filterOrderBy=0&locationId=1&typeId=ApartmentSell&neighbourhoods%5B%5D=515,116,София,10.0,['Стрелбище'],апартамент
1645871,as,https://homes.bg/offer/apartament-za-prodazhba/tristaen-63m2-sofiya-zhk.-strelbishte/as1645871,,"жк. Стрелбище, София","Тристаен, 63m²","Тухла, Необзаведен, ТЕЦ",1,"['https://homes.bg/2025-08-28_2/115466825', 'https://homes.bg/2025-08-28_2/115466826', 'https://homes.bg/2025-08-28_2/115466827', 'https://homes.bg/2025-08-28_2/115466828', 'https://homes.bg/2025-08-28_2/115466829', 'https://homes.bg/2025-08-28_2/115466830', 'https://homes.bg/2025-08-28_2/115466831', 'https://homes.bg/2025-08-28_2/115466832', 'https://homes.bg/2025-08-28_2/115466833', 'https://homes.bg/2025-08-28_2/115466834']",250000.0,EUR,"3,968 EUR/m²",,,False, продажба,PropertyType.TRISTAEN,2025-10-19 06:03:14.976313,https://www.homes.bg/api/offers?currencyId=1&filterOrderBy=0&locationId=1&typeId=ApartmentSell&neighbourhoods%5B%5D=515,116,София,10.0,['Стрелбище'],апартамент
1617474,as,https://homes.bg/offer/apartament-za-prodazhba/garazh-16m2-sofiya-zhk.-strelbishte/as1617474,,"жк. Стрелбище, София","Гараж, 16m²","Тухла, Необзаведен, Без отопление",1,"['https://homes.bg/2025-03-15_2/113374220', 'https://homes.bg/2025-03-15_2/113374221', 'https://homes.bg/2025-03-15_2/113374222']",55900.0,EUR,"3,493 EUR/m²",,,False, продажба,,2025-10-19 06:03:14.976325,https://www.homes.bg/api/offers?currencyId=1&filterOrderBy=0&locationId=1&typeId=ApartmentSell&neighbourhoods%5B%5D=515,116,София,3.0,['Стрелбище'],апартамент
1631543,as,https://homes.bg/offer/apartament-za-prodazhba/dvustaen-82m2-sofiya-zhk.-strelbishte/as1631543,,"жк. Стрелбище, София","Двустаен, 82m²",Тухла,1,['https://homes.bg/2025-08-23_2/115417345'],280000.0,EUR,"3,414 EUR/m²",,,False, продажба,PropertyType.DVUSTAEN,2025-10-19 06:03:14.976336,https://www.homes.bg/api/offers?currencyId=1&filterOrderBy=0&locationId=1&typeId=ApartmentSell&neighbourhoods%5B%5D=515,116,София,1.0,['Стрелбище'],апартамент
1569708,as,https://homes.bg/offer/apartament-za-prodazhba/tristaen-122m2-sofiya-zhk.-strelbishte/as1569708,,"жк. Стрелбище, София","Тристаен, 122m²","Тухла, Необзаведен, ТЕЦ",1,"['https://homes.bg/2024-06-05_2/109894637', 'https://homes.bg/2024-06-05_2/109894636', 'https://homes.bg/2024-06-05_2/109894635']",430000.0,EUR,"3,524 EUR/m²",,,False, продажба,PropertyType.TRISTAEN,2025-10-19 06:03:14.976349,https://www.homes.bg/api/offers?currencyId=1&filterOrderBy=0&locationId=1&typeId=ApartmentSell&neighbourhoods%5B%5D=515,116,София,3.0,['Стрелбище'],апартамент
1569699,as,https://homes.bg/offer/apartament-za-prodazhba/dvustaen-82m2-sofiya-zhk.-strelbishte/as1569699,,"жк. Стрелбище, София","Двустаен, 82m²","Тухла, Необзаведен, ТЕЦ",1,"['https://homes.bg/2024-06-05_2/109894548', 'https://homes.bg/2024-06-05_2/109894547', 'https://homes.bg/2024-06-05_2/109894546']",280000.0,EUR,"3,414 EUR/m²",,,False, продажба,PropertyType.DVUSTAEN,2025-10-19 06:03:14.976362,https://www.homes.bg/api/offers?currencyId=1&filterOrderBy=0&locationId=1&typeId=ApartmentSell&neighbourhoods%5B%5D=515,116,София,3.0,['Стрелбище'],апартамент
1643411,as,https://homes.bg/offer/apartament-za-prodazhba/tristaen-96m2-sofiya-zhk.-strelbishte/as1643411,,"жк. Стрелбище, София","Тристаен, 96m²",Тухла,1,"['https://homes.bg/2025-08-12_2/115292331', 'https://homes.bg/2025-08-12_2/115292332', 'https://homes.bg/2025-08-12_2/115292333', 'https://homes.bg/2025-08-12_2/115292334']",320000.0,EUR,"3,333 EUR/m²",,,False, продажба,PropertyType.TRISTAEN,2025-10-19 06:03:14.976375,https://www.homes.bg/api/offers?currencyId=1&filterOrderBy=0&locationId=1&typeId=ApartmentSell&neighbourhoods%5B%5D=515,116,София,4.0,['Стрелбище'],апартамент
1641731,as,https://homes.bg/offer/apartament-za-prodazhba/dvustaen-75m2-sofiya-zhk.-strelbishte/as1641731,,"жк. Стрелбище, София","Двустаен, 75m²","Тухла, ТЕЦ",1,['https://homes.bg/2025-08-02_2/115169510'],229966.0,EUR,"3,066 EUR/m²",,,False, продажба,PropertyType.DVUSTAEN,2025-10-19 06:03:14.976386,https://www.homes.bg/api/offers?currencyId=1&filterOrderBy=0&locationId=1&typeId=ApartmentSell&neighbourhoods%5B%5D=515,116,София,1.0,['Стрелбище'],апартамент
1641732,as,https://homes.bg/offer/apartament-za-prodazhba/dvustaen-85m2-sofiya-zhk.-strelbishte/as1641732,,"жк. Стрелбище, София","Двустаен, 85m²","Тухла, ТЕЦ",1,['https://homes.bg/2025-08-02_2/115169511'],242399.0,EUR,"2,851 EUR/m²",,,False, продажба,PropertyType.DVUSTAEN,2025-10-19 06:03:14.976397,https://www.homes.bg/api/offers?currencyId=1&filterOrderBy=0&locationId=1&typeId=ApartmentSell&neighbourhoods%5B%5D=515,116,София,1.0,['Стрелбище'],апартамент
1640171,as,https://homes.bg/offer/apartament-za-prodazhba/dvustaen-75m2-sofiya-zhk.-strelbishte/as1640171,,"жк. Стрелбище, София","Двустаен, 75m²",Тухла,1,"['https://homes.bg/2025-07-24_1/115042509', 'https://homes.bg/2025-07-24_1/115042510', 'https://homes.bg/2025-07-24_1/115042511']",230000.0,EUR,"3,066 EUR/m²",,,False, продажба,PropertyType.DVUSTAEN,2025-10-19 06:03:14.976409,https://www.homes.bg/api/offers?currencyId=1&filterOrderBy=0&locationId=1&typeId=ApartmentSell&neighbourhoods%5B%5D=515,116,София,3.0,['Стрелбище'],апартамент
1638276,as,https://homes.bg/offer/apartament-za-prodazhba/tristaen-80m2-sofiya-zhk.-strelbishte/as1638276,,"жк. Стрелбище, София","Тристаен, 80m²","Панел, Обзаведен, Електричество",1,"['https://homes.bg/2025-07-15_2/114940870', 'https://homes.bg/2025-07-15_2/114940871', 'https://homes.bg/2025-07-15_2/114940872', 'https://homes.bg/2025-07-15_2/114940873', 'https://homes.bg/2025-07-15_2/114940874', 'https://homes.bg/2025-07-15_2/114940875', 'https://homes.bg/2025-07-15_2/114940876']",259900.0,EUR,"3,248 EUR/m²",,,False, продажба,PropertyType.TRISTAEN,2025-10-19 06:03:14.976424,https://www.homes.bg/api/offers?currencyId=1&filterOrderBy=0&locationId=1&typeId=ApartmentSell&neighbourhoods%5B%5D=515,116,София,7.0,['Стрелбище'],апартамент
1578440,as,https://homes.bg/offer/apartament-za-prodazhba/tristaen-123m2-sofiya-zhk.-strelbishte/as1578440,,"жк. Стрелбище, София","Тристаен, 123m²",Необзаведен,1,"['https://homes.bg/2024-07-18_1/110468703', 'https://homes.bg/2024-07-18_1/110468704']",352736.0,EUR,"2,867 EUR/m²",,,False, продажба,PropertyType.TRISTAEN,2025-10-19 06:03:14.976435,https://www.homes.bg/api/offers?currencyId=1&filterOrderBy=0&locationId=1&typeId=ApartmentSell&neighbourhoods%5B%5D=515,116,София,2.0,['Стрелбище'],апартамент
1578442,as,https://homes.bg/offer/apartament-za-prodazhba/dvustaen-79m2-sofiya-zhk.-strelbishte/as1578442,,"жк. Стрелбище, София","Двустаен, 79m²",Необзаведен,1,"['https://homes.bg/2024-07-18_1/110468707', 'https://homes.bg/2024-07-18_1/110468708']",227002.0,EUR,"2,873 EUR/m²",,,False, продажба,PropertyType.DVUSTAEN,2025-10-19 06:03:14.976447,https://www.homes.bg/api/offers?currencyId=1&filterOrderBy=0&locationId=1&typeId=ApartmentSell&neighbourhoods%5B%5D=515,116,София,2.0,['Стрелбище'],апартамент
1578426,as,https://homes.bg/offer/apartament-za-prodazhba/ednostaen-123m2-sofiya-zhk.-strelbishte/as1578426,,"жк. Стрелбище, София","Едностаен, 123m²",Необзаведен,1,"['https://homes.bg/2024-07-18_1/110468675', 'https://homes.bg/2024-07-18_1/110468676']",272824.0,EUR,"2,218 EUR/m²",,,False, продажба,PropertyType.EDNOSTAEN,2025-10-19 06:03:14.976459,https://www.homes.bg/api/offers?currencyId=1&filterOrderBy=0&locationId=1&typeId=ApartmentSell&neighbourhoods%5B%5D=515,116,София,2.0,['Стрелбище'],апартамент
1613016,as,https://homes.bg/offer/apartament-za-prodazhba/dvustaen-76m2-sofiya-zhk.-strelbishte/as1613016,,"жк. Стрелбище, София","Двустаен, 76m²",Необзаведен,1,"['https://homes.bg/2025-02-19_1/113092175', 'https://homes.bg/2025-02-19_1/113092178']",218526.0,EUR,"2,875 EUR/m²",,,False, продажба,PropertyType.DVUSTAEN,2025-10-19 06:03:14.976470,https://www.homes.bg/api/offers?currencyId=1&filterOrderBy=0&locationId=1&typeId=ApartmentSell&neighbourhoods%5B%5D=515,116,София,2.0,['Стрелбище'],апартамент
1613018,as,https://homes.bg/offer/apartament-za-prodazhba/tristaen-123m2-sofiya-zhk.-strelbishte/as1613018,,"жк. Стрелбище, София","Тристаен, 123m²",Необзаведен,1,"['https://homes.bg/2025-02-19_1/113092183', 'https://homes.bg/2025-02-19_1/113092185']",352736.0,EUR,"2,867 EUR/m²",,,False, продажба,PropertyType.TRISTAEN,2025-10-19 06:03:14.976481,https://www.homes.bg/api/offers?currencyId=1&filterOrderBy=0&locationId=1&typeId=ApartmentSell&neighbourhoods%5B%5D=515,116,София,2.0,['Стрелбище'],апартамент
1624531,as,https://homes.bg/offer/apartament-za-prodazhba/dvustaen-85m2-sofiya-zhk.-strelbishte/as1624531,,"жк. Стрелбище, София","Двустаен, 85m²",Необзаведен,1,"['https://homes.bg/2025-04-25_1/113881864', 'https://homes.bg/2025-04-25_1/113881865']",242399.0,EUR,"2,851 EUR/m²",,,False, продажба,PropertyType.DVUSTAEN,2025-10-19 06:03:14.976493,https://www.homes.bg/api/offers?currencyId=1&filterOrderBy=0&locationId=1&typeId=ApartmentSell&neighbourhoods%5B%5D=515,116,София,2.0,['Стрелбище'],апартамент
1578457,as,https://homes.bg/offer/apartament-za-prodazhba/dvustaen-73m2-sofiya-zhk.-strelbishte/as1578457,,"жк. Стрелбище, София","Двустаен, 73m²",Необзаведен,1,"['https://homes.bg/2024-07-18_1/110468766', 'https://homes.bg/2024-07-18_1/110468767']",192616.0,EUR,"2,638 EUR/m²",,,False, продажба,PropertyType.DVUSTAEN,2025-10-19 06:03:14.976507,https://www.homes.bg/api/offers?currencyId=1&filterOrderBy=0&locationId=1&typeId=ApartmentSell&neighbourhoods%5B%5D=515,116,София,2.0,['Стрелбище'],апартамент
1578425,as,https://homes.bg/offer/apartament-za-prodazhba/tristaen-133m2-sofiya-zhk.-strelbishte/as1578425,,"жк. Стрелбище, София","Тристаен, 133m²",Необзаведен,1,"['https://homes.bg/2024-07-18_1/110468673', 'https://homes.bg/2024-07-18_1/110468674']",347257.0,EUR,"2,610 EUR/m²",,,False, продажба,PropertyType.TRISTAEN,2025-10-19 06:03:14.976518,https://www.homes.bg/api/offers?currencyId=1&filterOrderBy=0&locationId=1&typeId=ApartmentSell&neighbourhoods%5B%5D=515,116,София,2.0,['Стрелбище'],апартамент
1578438,as,https://homes.bg/offer/apartament-za-prodazhba/dvustaen-85m2-sofiya-zhk.-strelbishte/as1578438,,"жк. Стрелбище, София","Двустаен, 85m²",Необзаведен,1,"['https://homes.bg/2024-07-18_1/110468699', 'https://homes.bg/2024-07-18_1/110468700']",242399.0,EUR,"2,851 EUR/m²",,,False, продажба,PropertyType.DVUSTAEN,2025-10-19 06:03:14.976530,https://www.homes.bg/api/offers?currencyId=1&filterOrderBy=0&locationId=1&typeId=ApartmentSell&neighbourhoods%5B%5D=515,116,София,2.0,['Стрелбище'],апартамент
1578455,as,https://homes.bg/offer/apartament-za-prodazhba/dvustaen-98m2-sofiya-zhk.-strelbishte/as1578455,,"жк. Стрелбище, София","Двустаен, 98m²",Необзаведен,1,"['https://homes.bg/2024-07-18_1/110468762', 'https://homes.bg/2024-07-18_1/110468763']",252467.0,EUR,"2,576 EUR/m²",,,False, продажба,PropertyType.DVUSTAEN,2025-10-19 06:03:14.976541,https://www.homes.bg/api/offers?currencyId=1&filterOrderBy=0&locationId=1&typeId=ApartmentSell&neighbourhoods%5B%5D=515,116,София,2.0,['Стрелбище'],апартамент
1578439,as,https://homes.bg/offer/apartament-za-prodazhba/tristaen-130m2-sofiya-zhk.-strelbishte/as1578439,,"жк. Стрелбище, София","Тристаен, 130m²",Необзаведен,1,"['https://homes.bg/2024-07-18_1/110468701', 'https://homes.bg/2024-07-18_1/110468702']",370465.0,EUR,"2,849 EUR/m²",,,False, продажба,PropertyType.TRISTAEN,2025-10-19 06:03:14.976553,https://www.homes.bg/api/offers?currencyId=1&filterOrderBy=0&locationId=1&typeId=ApartmentSell&neighbourhoods%5B%5D=515,116,София,2.0,['Стрелбище'],апартамент
1578456,as,https://homes.bg/offer/apartament-za-prodazhba/tristaen-98m2-sofiya-zhk.-strelbishte/as1578456,,"жк. Стрелбище, София","Тристаен, 98m²",Необзаведен,1,"['https://homes.bg/2024-07-18_1/110468764', 'https://homes.bg/2024-07-18_1/110468765']",281078.0,EUR,"2,868 EUR/m²",,,False, продажба,PropertyType.TRISTAEN,2025-10-19 06:03:14.976565,https://www.homes.bg/api/offers?currencyId=1&filterOrderBy=0&locationId=1&typeId=ApartmentSell&neighbourhoods%5B%5D=515,116,София,2.0,['Стрелбище'],апартамент
1582642,as,https://homes.bg/offer/apartament-za-prodazhba/tristaen-130m2-sofiya-zhk.-strelbishte/as1582642,,"жк. Стрелбище, София","Тристаен, 130m²",Необзаведен,1,"['https://homes.bg/2024-08-13_1/110817930', 'https://homes.bg/2024-08-13_1/110817931']",370456.0,EUR,"2,849 EUR/m²",,,False, продажба,PropertyType.TRISTAEN,2025-10-19 06:03:14.976576,https://www.homes.bg/api/offers?currencyId=1&filterOrderBy=0&locationId=1&typeId=ApartmentSell&neighbourhoods%5B%5D=515,116,София,2.0,['Стрелбище'],апартамент
1638370,as,https://homes.bg/offer/apartament-za-prodazhba/tristaen-76m2-sofiya-zhk.-strelbishte/as1638370,,"жк. Стрелбище, София","Тристаен, 76m²",Панел,1,['https://homes.bg/2025-07-14_2/114925564'],260000.0,EUR,"3,421 EUR/m²",,,False, продажба,PropertyType.TRISTAEN,2025-10-19 06:03:14.976587,https://www.homes.bg/api/offers?currencyId=1&filterOrderBy=0&locationId=1&typeId=ApartmentSell&neighbourhoods%5B%5D=515,116,София,1.0,['Стрелбище'],апартамент
1579538,as,https://homes.bg/offer/apartament-za-prodazhba/tristaen-124m2-sofiya-zhk.-strelbishte/as1579538,,"жк. Стрелбище, София","Тристаен, 124m²","Тухла, ТЕЦ",1,"['https://homes.bg/2025-07-04_2/114799249', 'https://homes.bg/2025-07-04_2/114799250']",352736.0,EUR,"2,844 EUR/m²",,,False, продажба,PropertyType.TRISTAEN,2025-10-19 06:03:14.976598,https://www.homes.bg/api/offers?currencyId=1&filterOrderBy=0&locationId=1&typeId=ApartmentSell&neighbourhoods%5B%5D=515,116,София,2.0,['Стрелбище'],апартамент
1579535,as,https://homes.bg/offer/apartament-za-prodazhba/dvustaen-63m2-sofiya-zhk.-strelbishte/as1579535,,"жк. Стрелбище, София","Двустаен, 63m²","Тухла, Необзаведен, ТЕЦ",1,"['https://homes.bg/2025-07-04_2/114799245', 'https://homes.bg/2025-07-04_2/114799246']",192617.0,EUR,"3,057 EUR/m²",,,False, продажба,PropertyType.DVUSTAEN,2025-10-19 06:03:14.976610,https://www.homes.bg/api/offers?currencyId=1&filterOrderBy=0&locationId=1&typeId=ApartmentSell&neighbourhoods%5B%5D=515,116,София,2.0,['Стрелбище'],апартамент
1579537,as,https://homes.bg/offer/apartament-za-prodazhba/tristaen-98m2-sofiya-zhk.-strelbishte/as1579537,,"жк. Стрелбище, София","Тристаен, 98m²","Тухла, Необзаведен, ТЕЦ",1,"['https://homes.bg/2025-07-04_2/114799247', 'https://homes.bg/2025-07-04_2/114799248']",281078.0,EUR,"2,868 EUR/m²",,,False, продажба,PropertyType.TRISTAEN,2025-10-19 06:03:17.606697,https://www.homes.bg/api/offers?currencyId=1&filterOrderBy=0&locationId=1&typeId=ApartmentSell&neighbourhoods%5B%5D=515,116,София,2.0,['Стрелбище'],апартамент
1631544,as,https://homes.bg/offer/apartament-za-prodazhba/tristaen-140m2-sofiya-zhk.-strelbishte/as1631544,,"жк. Стрелбище, София","Тристаен, 140m²",,1,['https://homes.bg/2025-06-06_2/114449786'],480000.0,EUR,"3,428 EUR/m²",,,False, продажба,PropertyType.TRISTAEN,2025-10-19 06:03:17.606768,https://www.homes.bg/api/offers?currencyId=1&filterOrderBy=0&locationId=1&typeId=ApartmentSell&neighbourhoods%5B%5D=515,116,София,1.0,['Стрелбище'],апартамент
1631545,as,https://homes.bg/offer/apartament-za-prodazhba/tristaen-122m2-sofiya-zhk.-strelbishte/as1631545,,"жк. Стрелбище, София","Тристаен, 122m²","Тухла, ТЕЦ",1,['https://homes.bg/2025-06-06_2/114449787'],430000.0,EUR,"3,524 EUR/m²",,,False, продажба,PropertyType.TRISTAEN,2025-10-19 06:03:17.606785,https://www.homes.bg/api/offers?currencyId=1&filterOrderBy=0&locationId=1&typeId=ApartmentSell&neighbourhoods%5B%5D=515,116,София,1.0,['Стрелбище'],апартамент
1626697,as,https://homes.bg/offer/apartament-za-prodazhba/tristaen-122m2-sofiya-zhk.-strelbishte/as1626697,,"жк. Стрелбище, София","Тристаен, 122m²","Тухла, Необзаведен, ТЕЦ",1,"['https://homes.bg/2025-05-09_2/114050647', 'https://homes.bg/2025-05-09_2/114050648']",430000.0,EUR,"3,524 EUR/m²",,,False, продажба,PropertyType.TRISTAEN,2025-10-19 06:03:17.606800,https://www.homes.bg/api/offers?currencyId=1&filterOrderBy=0&locationId=1&typeId=ApartmentSell&neighbourhoods%5B%5D=515,116,София,2.0,['Стрелбище'],апартамент
1626342,as,https://homes.bg/offer/apartament-za-prodazhba/tristaen-140m2-sofiya-zhk.-strelbishte/as1626342,,"жк. Стрелбище, София","Тристаен, 140m²","Тухла, Необзаведен, ТЕЦ",1,"['https://homes.bg/2025-05-08_2/114034659', 'https://homes.bg/2025-05-08_2/114034660']",480000.0,EUR,"3,428 EUR/m²",,,False, продажба,PropertyType.TRISTAEN,2025-10-19 06:03:17.606812,https://www.homes.bg/api/offers?currencyId=1&filterOrderBy=0&locationId=1&typeId=ApartmentSell&neighbourhoods%5B%5D=515,116,София,2.0,['Стрелбище'],апартамент
1626340,as,https://homes.bg/offer/apartament-za-prodazhba/dvustaen-82m2-sofiya-zhk.-strelbishte/as1626340,,"жк. Стрелбище, София","Двустаен, 82m²","Тухла, Необзаведен, ТЕЦ",1,"['https://homes.bg/2025-05-08_2/114034655', 'https://homes.bg/2025-05-08_2/114034656']",280000.0,EUR,"3,414 EUR/m²",,,False, продажба,PropertyType.DVUSTAEN,2025-10-19 06:03:17.606838,https://www.homes.bg/api/offers?currencyId=1&filterOrderBy=0&locationId=1&typeId=ApartmentSell&neighbourhoods%5B%5D=515,116,София,2.0,['Стрелбище'],апартамент
1626341,as,https://homes.bg/offer/apartament-za-prodazhba/dvustaen-92m2-sofiya-zhk.-strelbishte/as1626341,,"жк. Стрелбище, София","Двустаен, 92m²","Тухла, Необзаведен, ТЕЦ",1,"['https://homes.bg/2025-05-08_2/114034657', 'https://homes.bg/2025-05-08_2/114034658']",320000.0,EUR,"3,478 EUR/m²",,,False, продажба,PropertyType.DVUSTAEN,2025-10-19 06:03:17.606851,https://www.homes.bg/api/offers?currencyId=1&filterOrderBy=0&locationId=1&typeId=ApartmentSell&neighbourhoods%5B%5D=515,116,София,2.0,['Стрелбище'],апартамент
1468053,as,https://homes.bg/offer/apartament-za-prodazhba/tristaen-84m2-sofiya-zhk.-strelbishte/as1468053,,"жк. Стрелбище, София","Тристаен, 84m²",Обзаведен,1,"['https://homes.bg/2023-01-24_1/94141296', 'https://homes.bg/2023-01-24_1/94141297', 'https://homes.bg/2023-01-24_1/94141298', 'https://homes.bg/2023-01-24_1/94141299', 'https://homes.bg/2023-01-24_1/94141300', 'https://homes.bg/2023-01-24_1/94141301', 'https://homes.bg/2023-01-24_1/94141302']",303000.0,EUR,"3,607 EUR/m²",,,False, продажба,PropertyType.TRISTAEN,2025-10-19 06:03:17.606865,https://www.homes.bg/api/offers?currencyId=1&filterOrderBy=0&locationId=1&typeId=ApartmentSell&neighbourhoods%5B%5D=515,116,София,7.0,['Стрелбище'],апартамент
1613869,as,https://homes.bg/offer/apartament-za-prodazhba/tristaen-140m2-sofiya-zhk.-strelbishte/as1613869,,"жк. Стрелбище, София","Тристаен, 140m²","Тухла, Електричество",1,"['https://homes.bg/2025-04-01_2/113588598', 'https://homes.bg/2025-04-01_2/113588599']",495000.0,EUR,"3,535 EUR/m²",,,False, продажба,PropertyType.TRISTAEN,2025-10-19 06:03:17.606877,https://www.homes.bg/api/offers?currencyId=1&filterOrderBy=0&locationId=1&typeId=ApartmentSell&neighbourhoods%5B%5D=515,116,София,2.0,['Стрелбище'],апартамент
1613868,as,https://homes.bg/offer/apartament-za-prodazhba/mezonet-315m2-sofiya-zhk.-strelbishte/as1613868,,"жк. Стрелбище, София","Мезонет, 315m²","Тухла, Електричество",1,"['https://homes.bg/2025-02-25_2/113156341', 'https://homes.bg/2025-02-25_2/113156342', 'https://homes.bg/2025-02-25_2/113156343']",1104425.0,EUR,"3,506 EUR/m²",,,False, продажба,PropertyType.MEZONET,2025-10-19 06:03:17.606890,https://www.homes.bg/api/offers?currencyId=1&filterOrderBy=0&locationId=1&typeId=ApartmentSell&neighbourhoods%5B%5D=515,116,София,3.0,['Стрелбище'],апартамент
1605874,as,https://homes.bg/offer/apartament-za-prodazhba/tristaen-89m2-sofiya-zhk.-strelbishte/as1605874,,"жк. Стрелбище, София","Тристаен, 89m²","Панел, ТЕЦ",1,"['https://homes.bg/2025-01-31_1/112884701', 'https://homes.bg/2025-01-31_1/112884702', 'https://homes.bg/2025-01-31_1/112884703', 'https://homes.bg/2025-01-31_1/112884704', 'https://homes.bg/2025-01-31_1/112884705', 'https://homes.bg/2025-01-31_1/112884706', 'https://homes.bg/2025-01-31_1/112884707']",249000.0,EUR,"2,797 EUR/m²",,,False, продажба,PropertyType.TRISTAEN,2025-10-19 06:03:17.606903,https://www.homes.bg/api/offers?currencyId=1&filterOrderBy=0&locationId=1&typeId=ApartmentSell&neighbourhoods%5B%5D=515,116,София,7.0,['Стрелбище'],апартамент
1599960,as,https://homes.bg/offer/apartament-za-prodazhba/ednostaen-67m2-sofiya-zhk.-strelbishte/as1599960,,"жк. Стрелбище, София","Едностаен, 67m²","Тухла, Необзаведен",1,"['https://homes.bg/2024-11-21_2/112147913', 'https://homes.bg/2024-11-21_2/112147914']",193061.0,EUR,"2,881 EUR/m²",,,False, продажба,PropertyType.EDNOSTAEN,2025-10-19 06:03:17.606946,https://www.homes.bg/api/offers?currencyId=1&filterOrderBy=0&locationId=1&typeId=ApartmentSell&neighbourhoods%5B%5D=515,116,София,2.0,['Стрелбище'],апартамент
1593124,as,https://homes.bg/offer/apartament-za-prodazhba/dvustaen-62m2-sofiya-zhk.-strelbishte/as1593124,,"жк. Стрелбище, София","Двустаен, 62m²","Тухла, Необзаведен, Електричество",1,"['https://homes.bg/2024-10-15_2/111646176', 'https://homes.bg/2024-10-15_2/111646177']",192617.0,EUR,"3,106 EUR/m²",,,False, продажба,PropertyType.DVUSTAEN,2025-10-19 06:03:17.606961,https://www.homes.bg/api/offers?currencyId=1&filterOrderBy=0&locationId=1&typeId=ApartmentSell&neighbourhoods%5B%5D=515,116,София,2.0,['Стрелбище'],апартамент
1565478,as,https://homes.bg/offer/apartament-za-prodazhba/tristaen-102m2-sofiya-zhk.-strelbishte/as1565478,,"жк. Стрелбище, София","Тристаен, 102m²",Тухла,1,['https://homes.bg/2024-10-11_2/111594781'],345000.0,EUR,"3,382 EUR/m²",,,False, продажба,PropertyType.TRISTAEN,2025-10-19 06:03:17.606973,https://www.homes.bg/api/offers?currencyId=1&filterOrderBy=0&locationId=1&typeId=ApartmentSell&neighbourhoods%5B%5D=515,116,София,1.0,['Стрелбище'],апартамент
1253061,as,https://homes.bg/offer/apartament-za-prodazhba/chetiristaen-120m2-sofiya-zhk.-strelbishte/as1253061,,"жк. Стрелбище, София","Четиристаен, 120m²","Тухла, Обзаведен, Локално отопление",1,[],345000.0,EUR,"2,875 EUR/m²",,,False, продажба,PropertyType.CHETIRISTAEN,2025-10-19 06:03:17.606985,https://www.homes.bg/api/offers?currencyId=1&filterOrderBy=0&locationId=1&typeId=ApartmentSell&neighbourhoods%5B%5D=515,116,София,0.0,['Стрелбище'],апартамент
1621842,as,https://homes.bg/offer/apartament-za-prodazhba/ednostaen-45m2-sofiya-zhk.-strelbishte/as1621842,,"жк. Стрелбище, София","Едностаен, 45m²","Панел, Необзаведен",1,[],160000.0,EUR,"3,555 EUR/m²",,,False, продажба,PropertyType.EDNOSTAEN,2025-10-19 06:03:17.606995,https://www.homes.bg/api/offers?currencyId=1&filterOrderBy=0&locationId=1&typeId=ApartmentSell&neighbourhoods%5B%5D=515,116,София,0.0,['Стрелбище'],апартамент
